{
  "instance": "Clustered_large_200_12",
  "feasible": true,
  "constraints": {
    "total_routes": 9,
    "total_distance": 5690.932080369229,
    "total_time": 26929.070015498124,
    "vehicles_used": 9,
    "route_details": [
      [
        0,
        132,
        41,
        94,
        162,
        45,
        93,
        86,
        131,
        169,
        73,
        27,
        53,
        56,
        185,
        37,
        180,
        123,
        160,
        124,
        88,
        58,
        0
      ],
      [
        0,
        173,
        104,
        153,
        198,
        164,
        59,
        118,
        174,
        57,
        46,
        60,
        113,
        187,
        30,
        72,
        96,
        24,
        121,
        49,
        92,
        55,
        85,
        17,
        82,
        7,
        170,
        165,
        114,
        68,
        0
      ],
      [
        0,
        64,
        137,
        70,
        188,
        148,
        6,
        110,
        65,
        35,
        116,
        15,
        3,
        189,
        47,
        199,
        179,
        9,
        19,
        175,
        190,
        146,
        5,
        186,
        80,
        91,
        156,
        23,
        36,
        0
      ],
      [
        0,
        178,
        167,
        40,
        119,
        39,
        200,
        166,
        38,
        183,
        143,
        128,
        48,
        145,
        25,
        90,
        127,
        20,
        194,
        79,
        161,
        197,
        195,
        106,
        83,
        159,
        14,
        0
      ],
      [
        0,
        136,
        196,
        184,
        29,
        138,
        77,
        33,
        18,
        13,
        10,
        182,
        108,
        12,
        139,
        16,
        61,
        103,
        141,
        100,
        74,
        81,
        130,
        112,
        125,
        109,
        152,
        149,
        111,
        157,
        34,
        0
      ],
      [
        0,
        171,
        63,
        142,
        50,
        192,
        84,
        32,
        133,
        155,
        89,
        62,
        122,
        54,
        147,
        117,
        101,
        158,
        44,
        120,
        95,
        176,
        129,
        0
      ],
      [
        0,
        67,
        42,
        126,
        2,
        107,
        191,
        43,
        71,
        193,
        151,
        69,
        31,
        181,
        172,
        87,
        168,
        154,
        75,
        51,
        21,
        4,
        11,
        0
      ],
      [
        0,
        28,
        144,
        102,
        98,
        26,
        115,
        140,
        99,
        76,
        177,
        8,
        78,
        134,
        22,
        97,
        150,
        163,
        1,
        135,
        66,
        52,
        105,
        0
      ],
      [
        0,
        0
      ]
    ],
    "errors": [],
    "missing_customers": [],
    "duplicate_customers": []
  },
  "evaluation": {
    "load_variance": 28698.765432098764,
    "spatial_variance": 56.04938271604937,
    "total_distance": 5690.932080369229,
    "total_time": 26929.070015498124,
    "vehicles_used": 9,
    "objective": 14476.243327985785
  }
}