{
  "instance": "Clustered_large_200_8",
  "feasible": true,
  "constraints": {
    "total_routes": 7,
    "total_distance": 3761.866258406962,
    "total_time": 23784.468549441204,
    "vehicles_used": 7,
    "route_details": [
      [
        0,
        136,
        188,
        142,
        196,
        28,
        171,
        63,
        99,
        173,
        94,
        162,
        70,
        46,
        60,
        30,
        108,
        50,
        133,
        16,
        72,
        61,
        24,
        122,
        92,
        49,
        160,
        7,
        82,
        117,
        17,
        58,
        66,
        105,
        0
      ],
      [
        0,
        110,
        184,
        144,
        42,
        132,
        67,
        119,
        137,
        174,
        118,
        182,
        45,
        12,
        73,
        32,
        96,
        139,
        62,
        103,
        141,
        74,
        100,
        81,
        130,
        112,
        120,
        125,
        109,
        149,
        152,
        129,
        0
      ],
      [
        0,
        153,
        10,
        6,
        41,
        104,
        64,
        198,
        164,
        115,
        140,
        26,
        18,
        27,
        53,
        185,
        180,
        37,
        157,
        34,
        176,
        114,
        68,
        52,
        0
      ],
      [
        0,
        183,
        148,
        86,
        93,
        59,
        38,
        166,
        102,
        98,
        76,
        8,
        177,
        134,
        22,
        191,
        150,
        43,
        151,
        69,
        97,
        31,
        181,
        172,
        87,
        163,
        75,
        168,
        154,
        21,
        51,
        0
      ],
      [
        0,
        35,
        65,
        116,
        29,
        2,
        138,
        143,
        187,
        15,
        3,
        199,
        189,
        47,
        175,
        155,
        9,
        19,
        5,
        146,
        190,
        80,
        158,
        101,
        91,
        195,
        156,
        79,
        4,
        11,
        0
      ],
      [
        0,
        39,
        40,
        167,
        107,
        200,
        178,
        78,
        57,
        131,
        192,
        169,
        113,
        77,
        33,
        13,
        84,
        56,
        123,
        121,
        124,
        55,
        85,
        88,
        170,
        135,
        165,
        1,
        111,
        95,
        36,
        0
      ],
      [
        0,
        128,
        126,
        90,
        25,
        20,
        127,
        71,
        48,
        145,
        193,
        89,
        179,
        194,
        186,
        161,
        54,
        147,
        197,
        44,
        106,
        159,
        83,
        14,
        23,
        0
      ]
    ],
    "errors": [],
    "missing_customers": [],
    "duplicate_customers": []
  },
  "evaluation": {
    "load_variance": 5126.530612244898,
    "spatial_variance": 21.714285714285715,
    "total_distance": 3761.866258406962,
    "total_time": 23784.468549441204,
    "vehicles_used": 7,
    "objective": 10021.951373232692
  }
}