{
  "instance": "Clustered_large_200_14",
  "feasible": true,
  "constraints": {
    "total_routes": 8,
    "total_distance": 6648.382440521835,
    "total_time": 27369.237911065327,
    "vehicles_used": 8,
    "route_details": [
      [
        0,
        28,
        178,
        39,
        40,
        38,
        164,
        115,
        104,
        138,
        29,
        184,
        199,
        142,
        155,
        179,
        71,
        100,
        19,
        194,
        190,
        146,
        101,
        197,
        91,
        36,
        106,
        14,
        0
      ],
      [
        0,
        171,
        119,
        173,
        6,
        196,
        136,
        167,
        137,
        118,
        132,
        113,
        131,
        32,
        30,
        103,
        72,
        24,
        112,
        81,
        130,
        109,
        120,
        125,
        152,
        44,
        51,
        0
      ],
      [
        0,
        86,
        63,
        94,
        59,
        2,
        200,
        183,
        77,
        126,
        143,
        13,
        16,
        141,
        96,
        139,
        50,
        74,
        121,
        85,
        124,
        55,
        135,
        111,
        1,
        157,
        34,
        0
      ],
      [
        0,
        153,
        10,
        182,
        64,
        198,
        140,
        102,
        33,
        60,
        162,
        61,
        92,
        82,
        37,
        180,
        17,
        7,
        88,
        165,
        170,
        58,
        0
      ],
      [
        0,
        99,
        70,
        174,
        45,
        26,
        46,
        56,
        78,
        76,
        22,
        150,
        134,
        177,
        69,
        160,
        172,
        163,
        181,
        31,
        117,
        95,
        149,
        129,
        176,
        114,
        68,
        0
      ],
      [
        0,
        98,
        166,
        187,
        18,
        8,
        41,
        35,
        3,
        116,
        107,
        148,
        15,
        47,
        175,
        89,
        62,
        127,
        189,
        186,
        9,
        161,
        80,
        158,
        54,
        147,
        23,
        83,
        159,
        0
      ],
      [
        0,
        65,
        42,
        144,
        93,
        27,
        73,
        57,
        169,
        192,
        53,
        84,
        185,
        151,
        97,
        43,
        191,
        123,
        49,
        87,
        168,
        75,
        21,
        154,
        4,
        11,
        0
      ],
      [
        0,
        188,
        110,
        67,
        108,
        133,
        12,
        128,
        5,
        25,
        48,
        145,
        193,
        20,
        90,
        122,
        156,
        79,
        195,
        66,
        52,
        105,
        0
      ]
    ],
    "errors": [],
    "missing_customers": [],
    "duplicate_customers": []
  },
  "evaluation": {
    "load_variance": 1010.9375,
    "spatial_variance": 6.53125,
    "total_distance": 6648.382440521835,
    "total_time": 27369.237911065327,
    "vehicles_used": 8,
    "objective": 11523.163879003321
  }
}