{
  "instance": "Clustered_large_200_11",
  "feasible": true,
  "constraints": {
    "total_routes": 7,
    "total_distance": 3737.7467398103877,
    "total_time": 23122.284224865634,
    "vehicles_used": 7,
    "route_details": [
      [
        0,
        188,
        63,
        171,
        94,
        173,
        136,
        99,
        70,
        162,
        46,
        187,
        60,
        30,
        108,
        133,
        16,
        61,
        72,
        62,
        122,
        24,
        92,
        49,
        160,
        117,
        66,
        0
      ],
      [
        0,
        67,
        10,
        42,
        110,
        153,
        93,
        118,
        182,
        45,
        77,
        33,
        13,
        12,
        73,
        50,
        32,
        96,
        139,
        103,
        141,
        74,
        100,
        81,
        130,
        112,
        120,
        125,
        109,
        149,
        152,
        95,
        34,
        176,
        0
      ],
      [
        0,
        28,
        6,
        64,
        40,
        174,
        102,
        98,
        76,
        8,
        78,
        177,
        134,
        22,
        55,
        17,
        85,
        88,
        7,
        1,
        111,
        157,
        52,
        129,
        114,
        0
      ],
      [
        0,
        107,
        142,
        104,
        198,
        39,
        38,
        166,
        140,
        26,
        191,
        150,
        43,
        151,
        69,
        97,
        31,
        181,
        172,
        87,
        163,
        75,
        168,
        154,
        21,
        51,
        0
      ],
      [
        0,
        178,
        167,
        164,
        119,
        144,
        183,
        65,
        35,
        15,
        116,
        3,
        199,
        189,
        175,
        155,
        89,
        179,
        9,
        19,
        194,
        190,
        186,
        54,
        147,
        195,
        156,
        79,
        106,
        159,
        83,
        14,
        36,
        0
      ],
      [
        0,
        196,
        184,
        59,
        86,
        200,
        41,
        115,
        18,
        57,
        113,
        131,
        169,
        192,
        84,
        27,
        56,
        53,
        180,
        185,
        37,
        123,
        121,
        124,
        82,
        135,
        170,
        165,
        58,
        68,
        105,
        0
      ],
      [
        0,
        137,
        132,
        148,
        29,
        126,
        143,
        2,
        138,
        128,
        48,
        145,
        47,
        25,
        90,
        193,
        20,
        71,
        127,
        5,
        146,
        161,
        80,
        158,
        101,
        91,
        197,
        44,
        4,
        11,
        23,
        0
      ]
    ],
    "errors": [],
    "missing_customers": [],
    "duplicate_customers": []
  },
  "evaluation": {
    "load_variance": 3012.2448979591836,
    "spatial_variance": 17.10204081632653,
    "total_distance": 3737.7467398103877,
    "total_time": 23122.284224865634,
    "vehicles_used": 7,
    "objective": 9530.073714675977
  }
}