{
  "instance": "Clustered_tight_200_6",
  "feasible": true,
  "constraints": {
    "total_routes": 24,
    "total_distance": 5172.586377328675,
    "total_time": 24533.244880013473,
    "vehicles_used": 24,
    "route_details": [
      [
        0,
        170,
        48,
        133,
        196,
        97,
        14,
        96,
        130,
        28,
        74,
        149,
        0
      ],
      [
        0,
        21,
        120,
        152,
        26,
        40,
        169,
        89,
        105,
        15,
        59,
        198,
        0
      ],
      [
        0,
        178,
        65,
        86,
        47,
        70,
        0
      ],
      [
        0,
        62,
        30,
        44,
        146,
        102,
        68,
        76,
        90,
        17,
        39,
        107,
        0
      ],
      [
        0,
        20,
        41,
        85,
        80,
        31,
        25,
        172,
        77,
        110,
        162,
        0
      ],
      [
        0,
        177,
        3,
        58,
        184,
        199,
        37,
        81,
        138,
        137,
        183,
        0
      ],
      [
        0,
        101,
        144,
        119,
        166,
        35,
        126,
        71,
        9,
        165,
        188,
        108,
        0
      ],
      [
        0,
        190,
        155,
        175,
        43,
        13,
        2,
        67,
        0
      ],
      [
        0,
        93,
        55,
        135,
        114,
        150,
        151,
        16,
        140,
        187,
        142,
        111,
        0
      ],
      [
        0,
        161,
        104,
        18,
        54,
        186,
        1,
        99,
        0
      ],
      [
        0,
        134,
        50,
        156,
        168,
        112,
        153,
        29,
        87,
        42,
        123,
        0
      ],
      [
        0,
        131,
        23,
        75,
        163,
        194,
        145,
        195,
        52,
        92,
        0
      ],
      [
        0,
        116,
        66,
        12,
        11,
        129,
        6,
        122,
        139,
        0
      ],
      [
        0,
        57,
        118,
        83,
        143,
        176,
        36,
        125,
        4,
        72,
        0
      ],
      [
        0,
        73,
        147,
        78,
        33,
        121,
        0
      ],
      [
        0,
        103,
        32,
        160,
        141,
        94,
        0
      ],
      [
        0,
        10,
        5,
        193,
        46,
        128,
        106,
        167,
        34,
        0
      ],
      [
        0,
        148,
        197,
        124,
        115,
        79,
        157,
        49,
        0
      ],
      [
        0,
        171,
        60,
        91,
        51,
        174,
        136,
        189,
        0
      ],
      [
        0,
        159,
        19,
        192,
        22,
        127,
        98,
        63,
        56,
        0
      ],
      [
        0,
        27,
        164,
        173,
        154,
        69,
        200,
        0
      ],
      [
        0,
        113,
        180,
        82,
        84,
        191,
        95,
        158,
        0
      ],
      [
        0,
        88,
        38,
        24,
        61,
        100,
        64,
        179,
        109,
        0
      ],
      [
        0,
        45,
        182,
        8,
        185,
        132,
        7,
        181,
        117,
        53,
        0
      ]
    ],
    "errors": [],
    "missing_customers": [],
    "duplicate_customers": []
  },
  "evaluation": {
    "load_variance": 1095.6597222222222,
    "spatial_variance": 9.48611111111111,
    "total_distance": 5172.586377328675,
    "total_time": 24533.244880013473,
    "vehicles_used": 24,
    "objective": 10492.02035789244
  }
}