{
  "instance": "Clustered_large_200_13",
  "feasible": true,
  "constraints": {
    "total_routes": 7,
    "total_distance": 3197.2680523921663,
    "total_time": 23223.348422269,
    "vehicles_used": 7,
    "route_details": [
      [
        0,
        39,
        40,
        142,
        196,
        188,
        132,
        148,
        29,
        2,
        138,
        143,
        126,
        128,
        199,
        189,
        47,
        101,
        91,
        195,
        156,
        79,
        135,
        111,
        157,
        34,
        52,
        0
      ],
      [
        0,
        173,
        167,
        119,
        41,
        107,
        200,
        94,
        99,
        70,
        162,
        46,
        15,
        3,
        175,
        155,
        89,
        62,
        179,
        9,
        122,
        19,
        146,
        186,
        106,
        83,
        14,
        36,
        0
      ],
      [
        0,
        178,
        102,
        98,
        76,
        166,
        38,
        191,
        8,
        78,
        177,
        134,
        22,
        150,
        43,
        151,
        69,
        97,
        31,
        181,
        172,
        87,
        163,
        75,
        168,
        154,
        21,
        51,
        0
      ],
      [
        0,
        65,
        183,
        35,
        116,
        86,
        93,
        118,
        182,
        45,
        77,
        33,
        13,
        12,
        73,
        32,
        50,
        96,
        139,
        103,
        141,
        74,
        100,
        81,
        130,
        112,
        120,
        125,
        109,
        149,
        152,
        95,
        0
      ],
      [
        0,
        63,
        171,
        164,
        198,
        64,
        104,
        67,
        133,
        108,
        30,
        60,
        16,
        61,
        72,
        24,
        92,
        49,
        160,
        117,
        82,
        17,
        7,
        165,
        1,
        58,
        66,
        176,
        129,
        114,
        105,
        0
      ],
      [
        0,
        137,
        174,
        59,
        153,
        10,
        187,
        115,
        140,
        26,
        18,
        57,
        113,
        131,
        169,
        192,
        84,
        27,
        53,
        56,
        185,
        180,
        37,
        123,
        121,
        124,
        55,
        85,
        88,
        170,
        68,
        0
      ],
      [
        0,
        136,
        28,
        184,
        6,
        42,
        110,
        144,
        25,
        90,
        193,
        145,
        48,
        20,
        71,
        127,
        5,
        194,
        190,
        80,
        161,
        158,
        54,
        147,
        197,
        44,
        4,
        159,
        11,
        23,
        0
      ]
    ],
    "errors": [],
    "missing_customers": [],
    "duplicate_customers": []
  },
  "evaluation": {
    "load_variance": 1469.387755102041,
    "spatial_variance": 7.836734693877552,
    "total_distance": 3197.2680523921663,
    "total_time": 23223.348422269,
    "vehicles_used": 7,
    "objective": 9244.442430279949
  }
}