{
  "instance": "Clustered_tight_200_2",
  "feasible": true,
  "constraints": {
    "total_routes": 23,
    "total_distance": 4224.582682343154,
    "total_time": 24708.1500731441,
    "vehicles_used": 23,
    "route_details": [
      [
        0,
        113,
        78,
        175,
        13,
        43,
        2,
        90,
        39,
        107,
        0
      ],
      [
        0,
        164,
        12,
        80,
        112,
        79,
        195,
        52,
        89,
        28,
        68,
        0
      ],
      [
        0,
        57,
        118,
        83,
        143,
        176,
        36,
        33,
        121,
        165,
        188,
        108,
        0
      ],
      [
        0,
        148,
        27,
        173,
        154,
        24,
        61,
        100,
        64,
        109,
        0
      ],
      [
        0,
        93,
        55,
        58,
        184,
        199,
        37,
        81,
        138,
        183,
        114,
        56,
        0
      ],
      [
        0,
        45,
        178,
        133,
        59,
        196,
        97,
        96,
        130,
        15,
        74,
        76,
        0
      ],
      [
        0,
        177,
        3,
        88,
        8,
        186,
        127,
        98,
        157,
        104,
        135,
        0
      ],
      [
        0,
        190,
        5,
        193,
        46,
        128,
        167,
        95,
        72,
        106,
        67,
        0
      ],
      [
        0,
        62,
        131,
        44,
        146,
        6,
        122,
        139,
        0
      ],
      [
        0,
        170,
        134,
        50,
        156,
        153,
        14,
        149,
        0
      ],
      [
        0,
        166,
        144,
        119,
        35,
        126,
        71,
        9,
        1,
        99,
        53,
        0
      ],
      [
        0,
        20,
        103,
        197,
        11,
        70,
        91,
        162,
        0
      ],
      [
        0,
        21,
        26,
        152,
        31,
        25,
        29,
        87,
        92,
        75,
        163,
        19,
        0
      ],
      [
        0,
        102,
        120,
        192,
        40,
        168,
        169,
        42,
        123,
        85,
        172,
        0
      ],
      [
        0,
        161,
        18,
        54,
        185,
        132,
        7,
        181,
        117,
        49,
        60,
        84,
        0
      ],
      [
        0,
        32,
        160,
        47,
        94,
        51,
        174,
        136,
        124,
        200,
        41,
        0
      ],
      [
        0,
        30,
        23,
        182,
        141,
        69,
        77,
        110,
        179,
        0
      ],
      [
        0,
        147,
        66,
        116,
        129,
        115,
        86,
        171,
        65,
        189,
        73,
        0
      ],
      [
        0,
        48,
        150,
        194,
        145,
        105,
        198,
        0
      ],
      [
        0,
        101,
        159,
        38,
        22,
        151,
        16,
        140,
        187,
        142,
        111,
        63,
        137,
        0
      ],
      [
        0,
        34,
        10,
        180,
        82,
        191,
        125,
        4,
        158,
        17,
        155,
        0
      ],
      [
        0,
        0
      ],
      [
        0,
        0
      ]
    ],
    "errors": [],
    "missing_customers": [],
    "duplicate_customers": []
  },
  "evaluation": {
    "load_variance": 3153.1190926275995,
    "spatial_variance": 9.41398865784499,
    "total_distance": 4224.582682343154,
    "total_time": 24708.1500731441,
    "vehicles_used": 23,
    "objective": 10543.125606394162
  }
}