{
  "instance": "Clustered_tight_200_3",
  "feasible": true,
  "constraints": {
    "total_routes": 21,
    "total_distance": 4366.18881926832,
    "total_time": 23976.140890840376,
    "vehicles_used": 21,
    "route_details": [
      [
        0,
        113,
        13,
        175,
        2,
        90,
        43,
        67,
        17,
        155,
        78,
        39,
        107,
        179,
        0
      ],
      [
        0,
        92,
        23,
        182,
        163,
        75,
        194,
        52,
        145,
        21,
        19,
        0
      ],
      [
        0,
        30,
        44,
        173,
        24,
        61,
        154,
        27,
        109,
        0
      ],
      [
        0,
        45,
        120,
        192,
        40,
        97,
        14,
        96,
        130,
        15,
        29,
        89,
        28,
        0
      ],
      [
        0,
        170,
        134,
        50,
        156,
        42,
        153,
        169,
        105,
        59,
        196,
        133,
        149,
        0
      ],
      [
        0,
        148,
        103,
        80,
        31,
        25,
        70,
        164,
        91,
        12,
        116,
        0
      ],
      [
        0,
        177,
        187,
        150,
        114,
        151,
        16,
        140,
        38,
        142,
        111,
        63,
        56,
        0
      ],
      [
        0,
        161,
        104,
        18,
        54,
        185,
        117,
        7,
        181,
        49,
        126,
        71,
        144,
        0
      ],
      [
        0,
        32,
        160,
        47,
        66,
        122,
        139,
        162,
        198,
        172,
        0
      ],
      [
        0,
        191,
        84,
        143,
        176,
        125,
        33,
        121,
        165,
        108,
        82,
        36,
        0
      ],
      [
        0,
        74,
        48,
        26,
        152,
        112,
        168,
        79,
        87,
        195,
        123,
        85,
        0
      ],
      [
        0,
        190,
        5,
        10,
        193,
        46,
        128,
        106,
        167,
        34,
        95,
        158,
        188,
        57,
        0
      ],
      [
        0,
        199,
        135,
        55,
        58,
        184,
        37,
        138,
        81,
        137,
        101,
        0
      ],
      [
        0,
        62,
        159,
        88,
        22,
        166,
        9,
        1,
        99,
        147,
        200,
        0
      ],
      [
        0,
        131,
        68,
        102,
        146,
        100,
        64,
        41,
        11,
        73,
        0
      ],
      [
        0,
        93,
        3,
        186,
        8,
        127,
        98,
        157,
        60,
        72,
        4,
        0
      ],
      [
        0,
        171,
        197,
        124,
        141,
        69,
        51,
        110,
        94,
        86,
        65,
        0
      ],
      [
        0,
        0
      ],
      [
        0,
        0
      ],
      [
        0,
        76,
        178,
        129,
        6,
        189,
        174,
        136,
        115,
        77,
        20,
        0
      ],
      [
        0,
        83,
        118,
        180,
        35,
        132,
        183,
        119,
        53,
        0
      ]
    ],
    "errors": [],
    "missing_customers": [],
    "duplicate_customers": []
  },
  "evaluation": {
    "load_variance": 3196.3718820861677,
    "spatial_variance": 12.35827664399093,
    "total_distance": 4366.18881926832,
    "total_time": 23976.140890840376,
    "vehicles_used": 21,
    "objective": 10287.749804593072
  }
}