{
  "instance": "Clustered_large_200_10",
  "feasible": true,
  "constraints": {
    "total_routes": 7,
    "total_distance": 2713.1815176205646,
    "total_time": 20777.979830979784,
    "vehicles_used": 7,
    "route_details": [
      [
        0,
        178,
        136,
        188,
        196,
        164,
        94,
        99,
        70,
        162,
        46,
        187,
        60,
        30,
        108,
        133,
        16,
        61,
        72,
        179,
        9,
        19,
        146,
        186,
        161,
        54,
        147,
        195,
        156,
        79,
        4,
        11,
        23,
        36,
        0
      ],
      [
        0,
        171,
        67,
        142,
        107,
        200,
        41,
        183,
        65,
        35,
        116,
        15,
        3,
        199,
        189,
        47,
        175,
        155,
        89,
        62,
        122,
        24,
        92,
        49,
        160,
        82,
        17,
        7,
        170,
        165,
        58,
        66,
        52,
        105,
        68,
        0
      ],
      [
        0,
        42,
        40,
        110,
        6,
        184,
        148,
        29,
        2,
        138,
        143,
        126,
        128,
        48,
        145,
        25,
        90,
        193,
        20,
        71,
        127,
        5,
        194,
        190,
        80,
        158,
        101,
        91,
        197,
        44,
        106,
        159,
        83,
        14,
        0
      ],
      [
        0,
        144,
        132,
        167,
        63,
        173,
        174,
        115,
        140,
        26,
        18,
        57,
        113,
        131,
        169,
        192,
        84,
        27,
        53,
        56,
        185,
        180,
        37,
        123,
        121,
        124,
        55,
        85,
        88,
        135,
        1,
        111,
        157,
        34,
        176,
        0
      ],
      [
        0,
        28,
        198,
        39,
        119,
        38,
        166,
        102,
        98,
        76,
        8,
        78,
        177,
        134,
        22,
        191,
        150,
        43,
        151,
        69,
        97,
        31,
        181,
        172,
        87,
        117,
        163,
        75,
        168,
        154,
        21,
        51,
        0
      ],
      [
        0,
        64,
        137,
        104,
        10,
        153,
        59,
        86,
        93,
        118,
        182,
        45,
        77,
        33,
        13,
        12,
        73,
        32,
        50,
        96,
        139,
        103,
        141,
        74,
        100,
        81,
        130,
        112,
        120,
        125,
        109,
        149,
        152,
        95,
        129,
        114,
        0
      ],
      [
        0,
        0
      ]
    ],
    "errors": [],
    "missing_customers": [],
    "duplicate_customers": []
  },
  "evaluation": {
    "load_variance": 49669.387755102034,
    "spatial_variance": 123.18367346938776,
    "total_distance": 2713.1815176205646,
    "total_time": 20777.979830979784,
    "vehicles_used": 7,
    "objective": 14060.769544737861
  }
}