{
  "instance": "Clustered_tight_200_4",
  "feasible": true,
  "constraints": {
    "total_routes": 19,
    "total_distance": 4135.050249565792,
    "total_time": 22742.04540163559,
    "vehicles_used": 19,
    "route_details": [
      [
        0,
        113,
        17,
        13,
        139,
        43,
        175,
        2,
        90,
        67,
        155,
        78,
        39,
        107,
        0
      ],
      [
        0,
        62,
        131,
        44,
        102,
        146,
        19,
        120,
        30,
        68,
        76,
        0
      ],
      [
        0,
        93,
        55,
        135,
        58,
        184,
        37,
        199,
        81,
        138,
        137,
        183,
        53,
        101,
        0
      ],
      [
        0,
        45,
        178,
        27,
        173,
        154,
        64,
        61,
        100,
        20,
        179,
        109,
        0
      ],
      [
        0,
        148,
        103,
        70,
        91,
        164,
        12,
        116,
        11,
        73,
        0
      ],
      [
        0,
        177,
        187,
        140,
        150,
        151,
        16,
        38,
        114,
        142,
        111,
        63,
        56,
        0
      ],
      [
        0,
        32,
        47,
        160,
        66,
        6,
        122,
        110,
        162,
        77,
        80,
        0
      ],
      [
        0,
        190,
        5,
        10,
        193,
        46,
        128,
        106,
        167,
        34,
        95,
        158,
        108,
        0
      ],
      [
        0,
        22,
        159,
        71,
        126,
        166,
        144,
        9,
        1,
        99,
        119,
        57,
        118,
        0
      ],
      [
        0,
        130,
        23,
        21,
        15,
        59,
        96,
        97,
        196,
        28,
        74,
        149,
        0
      ],
      [
        0,
        48,
        134,
        50,
        156,
        112,
        168,
        79,
        29,
        42,
        123,
        26,
        133,
        0
      ],
      [
        0,
        33,
        72,
        180,
        82,
        4,
        36,
        121,
        165,
        188,
        83,
        0
      ],
      [
        0,
        105,
        92,
        182,
        163,
        75,
        194,
        145,
        52,
        195,
        89,
        198,
        14,
        0
      ],
      [
        0,
        124,
        147,
        129,
        24,
        172,
        85,
        41,
        40,
        169,
        152,
        192,
        0
      ],
      [
        0,
        176,
        60,
        143,
        125,
        191,
        84,
        7,
        181,
        117,
        49,
        0
      ],
      [
        0,
        157,
        98,
        3,
        8,
        186,
        127,
        54,
        18,
        104,
        161,
        170,
        0
      ],
      [
        0,
        87,
        174,
        31,
        25,
        69,
        141,
        136,
        189,
        197,
        200,
        0
      ],
      [
        0,
        88,
        185,
        35,
        132,
        171,
        51,
        94,
        86,
        65,
        0
      ],
      [
        0,
        115,
        153,
        0
      ]
    ],
    "errors": [],
    "missing_customers": [],
    "duplicate_customers": []
  },
  "evaluation": {
    "load_variance": 1329.639889196676,
    "spatial_variance": 10.476454293628809,
    "total_distance": 4135.050249565792,
    "total_time": 22742.04540163559,
    "vehicles_used": 19,
    "objective": 9533.873356010996
  }
}