{
  "instance": "Clustered_tight_200_5",
  "feasible": true,
  "constraints": {
    "total_routes": 22,
    "total_distance": 4316.419477336586,
    "total_time": 22647.515236757576,
    "vehicles_used": 22,
    "route_details": [
      [
        0,
        113,
        155,
        78,
        175,
        13,
        43,
        2,
        90,
        67,
        17,
        39,
        107,
        0
      ],
      [
        0,
        133,
        170,
        50,
        156,
        153,
        14,
        169,
        29,
        87,
        42,
        0
      ],
      [
        0,
        73,
        116,
        12,
        129,
        11,
        6,
        122,
        139,
        110,
        162,
        198,
        0
      ],
      [
        0,
        62,
        131,
        44,
        102,
        146,
        68,
        76,
        96,
        130,
        28,
        74,
        0
      ],
      [
        0,
        164,
        66,
        147,
        160,
        47,
        91,
        70,
        77,
        123,
        0
      ],
      [
        0,
        190,
        5,
        10,
        193,
        46,
        128,
        106,
        167,
        34,
        95,
        158,
        56,
        0
      ],
      [
        0,
        20,
        41,
        85,
        80,
        31,
        25,
        172,
        89,
        105,
        15,
        59,
        0
      ],
      [
        0,
        114,
        159,
        38,
        150,
        184,
        199,
        37,
        81,
        138,
        137,
        183,
        0
      ],
      [
        0,
        177,
        3,
        88,
        22,
        151,
        16,
        140,
        187,
        142,
        111,
        63,
        0
      ],
      [
        0,
        101,
        144,
        119,
        166,
        35,
        126,
        71,
        9,
        1,
        99,
        53,
        0
      ],
      [
        0,
        178,
        27,
        173,
        154,
        24,
        61,
        100,
        64,
        179,
        109,
        0
      ],
      [
        0,
        120,
        30,
        19,
        196,
        97,
        168,
        195,
        52,
        92,
        149,
        0
      ],
      [
        0,
        161,
        55,
        135,
        58,
        185,
        132,
        7,
        181,
        117,
        49,
        0
      ],
      [
        0,
        93,
        192,
        152,
        40,
        79,
        145,
        188,
        108,
        0
      ],
      [
        0,
        148,
        103,
        197,
        124,
        141,
        69,
        200,
        174,
        136,
        189,
        0
      ],
      [
        0,
        60,
        118,
        83,
        176,
        36,
        33,
        121,
        165,
        0
      ],
      [
        0,
        48,
        134,
        26,
        112,
        194,
        157,
        0
      ],
      [
        0,
        21,
        23,
        182,
        75,
        163,
        98,
        0
      ],
      [
        0,
        57,
        82,
        143,
        84,
        191,
        125,
        4,
        72,
        0
      ],
      [
        0,
        171,
        32,
        65,
        86,
        115,
        94,
        51,
        0
      ],
      [
        0,
        104,
        18,
        54,
        8,
        186,
        127,
        0
      ],
      [
        0,
        45,
        180,
        0
      ]
    ],
    "errors": [],
    "missing_customers": [],
    "duplicate_customers": []
  },
  "evaluation": {
    "load_variance": 1604.3388429752065,
    "spatial_variance": 9.8801652892562,
    "total_distance": 4316.419477336586,
    "total_time": 22647.515236757576,
    "vehicles_used": 22,
    "objective": 9639.046276579462
  }
}