{
  "instance": "Clustered_large_200_9",
  "feasible": true,
  "constraints": {
    "total_routes": 7,
    "total_distance": 5309.944165533045,
    "total_time": 24245.595198656956,
    "vehicles_used": 7,
    "route_details": [
      [
        0,
        67,
        110,
        63,
        102,
        45,
        77,
        13,
        12,
        73,
        74,
        32,
        185,
        141,
        92,
        81,
        130,
        120,
        88,
        52,
        50,
        187,
        16,
        0
      ],
      [
        0,
        103,
        93,
        118,
        125,
        112,
        2,
        116,
        8,
        153,
        132,
        33,
        60,
        155,
        24,
        181,
        117,
        54,
        44,
        170,
        165,
        58,
        195,
        163,
        168,
        0
      ],
      [
        0,
        149,
        59,
        100,
        86,
        182,
        143,
        138,
        128,
        126,
        25,
        90,
        194,
        20,
        193,
        29,
        71,
        145,
        158,
        80,
        48,
        190,
        127,
        5,
        101,
        156,
        109,
        95,
        129,
        36,
        91,
        0
      ],
      [
        0,
        34,
        137,
        64,
        198,
        104,
        164,
        174,
        157,
        111,
        57,
        113,
        131,
        169,
        192,
        84,
        53,
        27,
        37,
        18,
        115,
        26,
        140,
        123,
        121,
        124,
        55,
        85,
        135,
        1,
        176,
        39,
        166,
        38,
        119,
        40,
        167,
        0
      ],
      [
        0,
        199,
        146,
        186,
        47,
        184,
        189,
        197,
        161,
        106,
        96,
        152,
        22,
        78,
        56,
        31,
        191,
        43,
        97,
        69,
        75,
        172,
        151,
        79,
        148,
        83,
        23,
        139,
        10,
        0
      ],
      [
        0,
        105,
        66,
        178,
        160,
        49,
        82,
        7,
        99,
        162,
        94,
        108,
        30,
        173,
        70,
        17,
        177,
        134,
        154,
        87,
        11,
        72,
        61,
        142,
        122,
        188,
        196,
        28,
        136,
        0
      ],
      [
        0,
        133,
        171,
        107,
        4,
        179,
        35,
        89,
        62,
        9,
        175,
        65,
        183,
        147,
        3,
        150,
        76,
        98,
        180,
        51,
        200,
        41,
        21,
        15,
        19,
        14,
        159,
        6,
        42,
        144,
        114,
        46,
        68,
        0
      ]
    ],
    "errors": [],
    "missing_customers": [],
    "duplicate_customers": []
  },
  "evaluation": {
    "load_variance": 3383.673469387755,
    "spatial_variance": 90.24489795918367,
    "total_distance": 5309.944165533045,
    "total_time": 24245.595198656956,
    "vehicles_used": 7,
    "objective": 10366.704769076461
  }
}