{
  "instance": "Mixed_tight_200_31",
  "feasible": true,
  "constraints": {
    "total_routes": 21,
    "total_distance": 4783.261025344254,
    "total_time": 8448.672204947346,
    "vehicles_used": 21,
    "route_details": [
      [
        0,
        142,
        4,
        92,
        190,
        82,
        30,
        64,
        67,
        0
      ],
      [
        0,
        130,
        171,
        187,
        150,
        0
      ],
      [
        0,
        132,
        6,
        163,
        14,
        63,
        186,
        138,
        62,
        95,
        19,
        20,
        135,
        96,
        0
      ],
      [
        0,
        153,
        47,
        43,
        124,
        3,
        180,
        48,
        136,
        131,
        183,
        196,
        167,
        70,
        0
      ],
      [
        0,
        66,
        100,
        9,
        59,
        143,
        188,
        29,
        139,
        21,
        166,
        126,
        184,
        0
      ],
      [
        0,
        182,
        57,
        147,
        40,
        119,
        16,
        98,
        161,
        72,
        22,
        0
      ],
      [
        0,
        89,
        37,
        12,
        144,
        107,
        55,
        81,
        158,
        195,
        41,
        0
      ],
      [
        0,
        54,
        140,
        71,
        101,
        194,
        154,
        133,
        0
      ],
      [
        0,
        0
      ],
      [
        0,
        87,
        88,
        105,
        127,
        69,
        113,
        176,
        134,
        58,
        191,
        17,
        0
      ],
      [
        0,
        42,
        197,
        172,
        5,
        26,
        159,
        46,
        185,
        2,
        34,
        175,
        0
      ],
      [
        0,
        84,
        199,
        118,
        137,
        123,
        13,
        8,
        1,
        76,
        97,
        200,
        28,
        0
      ],
      [
        0,
        110,
        7,
        83,
        90,
        103,
        93,
        25,
        77,
        146,
        193,
        73,
        149,
        162,
        78,
        0
      ],
      [
        0,
        121,
        155,
        65,
        125,
        189,
        109,
        177,
        50,
        115,
        11,
        75,
        60,
        174,
        0
      ],
      [
        0,
        85,
        165,
        56,
        45,
        108,
        38,
        32,
        23,
        117,
        114,
        86,
        31,
        0
      ],
      [
        0,
        157,
        99,
        128,
        94,
        151,
        160,
        112,
        192,
        74,
        33,
        0
      ],
      [
        0,
        104,
        164,
        35,
        10,
        170,
        145,
        116,
        141,
        122,
        181,
        0
      ],
      [
        0,
        173,
        168,
        53,
        52,
        129,
        106,
        61,
        91,
        148,
        0
      ],
      [
        0,
        152,
        156,
        18,
        68,
        111,
        198,
        80,
        27,
        24,
        0
      ],
      [
        0,
        0
      ],
      [
        0,
        102,
        169,
        178,
        51,
        44,
        179,
        15,
        36,
        79,
        120,
        39,
        49,
        0
      ]
    ],
    "errors": [],
    "missing_customers": [],
    "duplicate_customers": []
  },
  "evaluation": {
    "load_variance": 3759.578231292517,
    "spatial_variance": 13.43764172335601,
    "total_distance": 4783.261025344254,
    "total_time": 8448.672204947346,
    "vehicles_used": 21,
    "objective": 5025.074927160605
  }
}