{
  "instance": "Mixed_large_200_38",
  "feasible": true,
  "constraints": {
    "total_routes": 13,
    "total_distance": 5519.757132497576,
    "total_time": 17481.44783748878,
    "vehicles_used": 13,
    "route_details": [
      [
        0,
        47,
        156,
        57,
        167,
        24,
        59,
        128,
        168,
        53,
        99,
        38,
        23,
        74,
        32,
        21,
        114,
        52,
        166,
        86,
        129,
        41,
        194,
        55,
        107,
        82,
        66,
        89,
        0
      ],
      [
        0,
        102,
        183,
        15,
        37,
        108,
        56,
        45,
        143,
        94,
        188,
        160,
        151,
        177,
        65,
        112,
        109,
        189,
        125,
        106,
        44,
        95,
        90,
        145,
        178,
        110,
        0
      ],
      [
        0,
        142,
        169,
        133,
        98,
        180,
        184,
        190,
        3,
        72,
        119,
        161,
        80,
        111,
        198,
        22,
        101,
        192,
        50,
        137,
        115,
        121,
        158,
        195,
        0
      ],
      [
        0,
        100,
        54,
        140,
        84,
        199,
        26,
        25,
        159,
        113,
        191,
        176,
        134,
        144,
        87,
        11,
        13,
        60,
        1,
        34,
        175,
        0
      ],
      [
        0,
        28,
        131,
        162,
        120,
        149,
        63,
        42,
        172,
        135,
        49,
        14,
        132,
        78,
        138,
        186,
        146,
        83,
        19,
        10,
        122,
        93,
        103,
        5,
        0
      ],
      [
        0,
        48,
        182,
        36,
        179,
        18,
        7,
        155,
        118,
        105,
        20,
        77,
        58,
        71,
        123,
        30,
        67,
        0
      ],
      [
        0,
        152,
        154,
        85,
        147,
        16,
        43,
        124,
        68,
        196,
        126,
        70,
        157,
        117,
        165,
        33,
        81,
        173,
        12,
        29,
        9,
        139,
        0
      ],
      [
        0,
        150,
        163,
        174,
        97,
        69,
        127,
        181,
        197,
        104,
        35,
        164,
        62,
        170,
        130,
        187,
        0
      ],
      [
        0,
        6,
        171,
        136,
        46,
        73,
        8,
        96,
        76,
        2,
        193,
        141,
        185,
        75,
        88,
        17,
        64,
        0
      ],
      [
        0,
        4,
        92,
        31,
        40,
        91,
        61,
        116,
        148,
        51,
        27,
        79,
        39,
        200,
        153,
        0
      ],
      [
        0,
        0
      ],
      [
        0,
        0
      ],
      [
        0,
        0
      ]
    ],
    "errors": [],
    "missing_customers": [],
    "duplicate_customers": []
  },
  "evaluation": {
    "load_variance": 27527.289940828403,
    "spatial_variance": 69.53846153846153,
    "total_distance": 5519.757132497576,
    "total_time": 17481.44783748878,
    "vehicles_used": 13,
    "objective": 11067.283896067953
  }
}