{
  "instance": "Mixed_tight_200_30",
  "feasible": true,
  "constraints": {
    "total_routes": 21,
    "total_distance": 4998.276026411156,
    "total_time": 9221.22031028715,
    "vehicles_used": 21,
    "route_details": [
      [
        0,
        142,
        4,
        92,
        154,
        82,
        30,
        64,
        67,
        0
      ],
      [
        0,
        54,
        140,
        9,
        89,
        29,
        139,
        21,
        50,
        109,
        143,
        66,
        0
      ],
      [
        0,
        187,
        163,
        47,
        49,
        150,
        0
      ],
      [
        0,
        162,
        14,
        159,
        20,
        26,
        96,
        141,
        185,
        146,
        0
      ],
      [
        0,
        37,
        100,
        12,
        59,
        173,
        188,
        86,
        107,
        158,
        161,
        194,
        0
      ],
      [
        0,
        57,
        182,
        133,
        147,
        40,
        16,
        98,
        119,
        72,
        129,
        0
      ],
      [
        0,
        169,
        196,
        190,
        44,
        90,
        178,
        122,
        193,
        73,
        62,
        135,
        0
      ],
      [
        0,
        199,
        84,
        118,
        69,
        105,
        176,
        58,
        134,
        97,
        127,
        113,
        191,
        0
      ],
      [
        0,
        110,
        68,
        7,
        43,
        180,
        3,
        136,
        0
      ],
      [
        0,
        172,
        42,
        197,
        5,
        25,
        46,
        138,
        34,
        76,
        2,
        175,
        0
      ],
      [
        0,
        88,
        32,
        114,
        160,
        101,
        192,
        55,
        81,
        0
      ],
      [
        0,
        85,
        45,
        165,
        56,
        38,
        117,
        108,
        166,
        33,
        157,
        74,
        125,
        0
      ],
      [
        0,
        155,
        65,
        94,
        22,
        70,
        106,
        121,
        0
      ],
      [
        0,
        31,
        53,
        23,
        52,
        195,
        41,
        115,
        11,
        71,
        0
      ],
      [
        0,
        6,
        78,
        132,
        171,
        130,
        144,
        137,
        17,
        8,
        60,
        1,
        75,
        87,
        0
      ],
      [
        0,
        35,
        181,
        164,
        104,
        186,
        77,
        10,
        170,
        79,
        93,
        19,
        120,
        39,
        149,
        63,
        0
      ],
      [
        0,
        128,
        177,
        168,
        99,
        151,
        112,
        189,
        123,
        13,
        174,
        0
      ],
      [
        0,
        28,
        153,
        200,
        103,
        111,
        145,
        80,
        116,
        83,
        95,
        148,
        167,
        0
      ],
      [
        0,
        156,
        48,
        36,
        183,
        18,
        91,
        184,
        102,
        0
      ],
      [
        0,
        131,
        152,
        61,
        27,
        51,
        198,
        126,
        15,
        179,
        24,
        124,
        0
      ],
      [
        0,
        0
      ]
    ],
    "errors": [],
    "missing_customers": [],
    "duplicate_customers": []
  },
  "evaluation": {
    "load_variance": 2331.9591836734694,
    "spatial_variance": 11.764172335600906,
    "total_distance": 4998.276026411156,
    "total_time": 9221.22031028715,
    "vehicles_used": 21,
    "objective": 5177.772351030956
  }
}