{
  "instance": "Mixed_large_200_41",
  "feasible": true,
  "constraints": {
    "total_routes": 11,
    "total_distance": 6116.931183105647,
    "total_time": 14586.622138267892,
    "vehicles_used": 11,
    "route_details": [
      [
        0,
        133,
        57,
        102,
        179,
        24,
        169,
        9,
        12,
        37,
        59,
        165,
        61,
        161,
        16,
        72,
        101,
        166,
        71,
        121,
        13,
        123,
        17,
        11,
        66,
        157,
        0
      ],
      [
        0,
        47,
        200,
        63,
        149,
        172,
        14,
        18,
        68,
        180,
        103,
        111,
        51,
        184,
        27,
        136,
        44,
        110,
        95,
        90,
        145,
        194,
        70,
        158,
        0
      ],
      [
        0,
        130,
        171,
        197,
        5,
        170,
        25,
        26,
        78,
        187,
        77,
        186,
        150,
        79,
        116,
        126,
        73,
        135,
        141,
        193,
        120,
        19,
        185,
        39,
        146,
        83,
        148,
        36,
        0
      ],
      [
        0,
        4,
        92,
        182,
        163,
        181,
        199,
        118,
        155,
        105,
        176,
        127,
        69,
        113,
        191,
        58,
        122,
        189,
        192,
        50,
        107,
        154,
        0
      ],
      [
        0,
        100,
        54,
        177,
        31,
        132,
        6,
        28,
        119,
        40,
        38,
        117,
        86,
        32,
        114,
        139,
        125,
        112,
        23,
        52,
        129,
        74,
        106,
        198,
        22,
        41,
        81,
        55,
        33,
        82,
        0
      ],
      [
        0,
        142,
        152,
        162,
        42,
        183,
        43,
        124,
        190,
        104,
        159,
        35,
        164,
        10,
        46,
        20,
        62,
        138,
        134,
        144,
        137,
        87,
        115,
        8,
        34,
        60,
        2,
        76,
        75,
        0
      ],
      [
        0,
        0
      ],
      [
        0,
        15,
        7,
        156,
        48,
        131,
        153,
        49,
        196,
        167,
        147,
        98,
        3,
        56,
        45,
        85,
        195,
        91,
        80,
        178,
        96,
        93,
        1,
        175,
        0
      ],
      [
        0,
        0
      ],
      [
        0,
        140,
        88,
        84,
        173,
        143,
        53,
        108,
        94,
        168,
        99,
        151,
        128,
        65,
        89,
        109,
        160,
        188,
        29,
        21,
        174,
        97,
        30,
        64,
        67,
        0
      ],
      [
        0,
        0
      ]
    ],
    "errors": [],
    "missing_customers": [],
    "duplicate_customers": []
  },
  "evaluation": {
    "load_variance": 40521.520661157025,
    "spatial_variance": 88.8099173553719,
    "total_distance": 6116.931183105647,
    "total_time": 14586.622138267892,
    "vehicles_used": 11,
    "objective": 11724.237816897446
  }
}