{
  "instance": "Mixed_tight_200_34",
  "feasible": true,
  "constraints": {
    "total_routes": 22,
    "total_distance": 4920.346252701515,
    "total_time": 9340.96079254176,
    "vehicles_used": 22,
    "route_details": [
      [
        0,
        142,
        92,
        4,
        154,
        82,
        67,
        64,
        30,
        0
      ],
      [
        0,
        153,
        6,
        28,
        163,
        49,
        171,
        14,
        132,
        78,
        130,
        187,
        150,
        174,
        39,
        0
      ],
      [
        0,
        100,
        54,
        140,
        89,
        143,
        21,
        188,
        29,
        139,
        107,
        66,
        0
      ],
      [
        0,
        162,
        63,
        47,
        3,
        180,
        136,
        110,
        44,
        95,
        90,
        178,
        36,
        0
      ],
      [
        0,
        152,
        133,
        57,
        16,
        98,
        119,
        161,
        72,
        0
      ],
      [
        0,
        9,
        12,
        59,
        37,
        173,
        166,
        129,
        194,
        41,
        158,
        120,
        0
      ],
      [
        0,
        24,
        131,
        48,
        156,
        102,
        124,
        43,
        184,
        27,
        80,
        0
      ],
      [
        0,
        40,
        147,
        196,
        183,
        51,
        198,
        145,
        91,
        116,
        83,
        148,
        0
      ],
      [
        0,
        195,
        165,
        45,
        86,
        114,
        117,
        55,
        81,
        33,
        157,
        0
      ],
      [
        0,
        149,
        197,
        186,
        20,
        46,
        138,
        135,
        96,
        2,
        34,
        76,
        175,
        0
      ],
      [
        0,
        103,
        200,
        159,
        77,
        122,
        73,
        93,
        185,
        141,
        146,
        0
      ],
      [
        0,
        7,
        18,
        68,
        179,
        15,
        190,
        106,
        50,
        0
      ],
      [
        0,
        84,
        199,
        127,
        118,
        105,
        176,
        69,
        113,
        191,
        58,
        134,
        97,
        0
      ],
      [
        0,
        155,
        88,
        144,
        87,
        71,
        137,
        17,
        0
      ],
      [
        0,
        177,
        31,
        189,
        125,
        121,
        115,
        11,
        0
      ],
      [
        0,
        167,
        61,
        111,
        123,
        13,
        8,
        60,
        1,
        75,
        0
      ],
      [
        0,
        108,
        38,
        56,
        85,
        112,
        32,
        23,
        52,
        74,
        192,
        0
      ],
      [
        0,
        99,
        168,
        94,
        128,
        65,
        151,
        160,
        109,
        101,
        70,
        0
      ],
      [
        0,
        0
      ],
      [
        0,
        42,
        35,
        104,
        164,
        181,
        25,
        10,
        79,
        0
      ],
      [
        0,
        172,
        5,
        26,
        62,
        170,
        193,
        19,
        0
      ],
      [
        0,
        169,
        182,
        53,
        22,
        126,
        0
      ]
    ],
    "errors": [],
    "missing_customers": [],
    "duplicate_customers": []
  },
  "evaluation": {
    "load_variance": 2401.1983471074377,
    "spatial_variance": 11.971074380165287,
    "total_distance": 4920.346252701515,
    "total_time": 9340.96079254176,
    "vehicles_used": 22,
    "objective": 5228.5243281683015
  }
}