{
  "instance": "Mixed_tight_200_35",
  "feasible": true,
  "constraints": {
    "total_routes": 20,
    "total_distance": 5288.770865115936,
    "total_time": 8738.867014220717,
    "vehicles_used": 20,
    "route_details": [
      [
        0,
        153,
        6,
        28,
        171,
        49,
        14,
        132,
        78,
        130,
        187,
        150,
        174,
        19,
        120,
        0
      ],
      [
        0,
        4,
        92,
        154,
        67,
        30,
        64,
        0
      ],
      [
        0,
        100,
        140,
        89,
        37,
        166,
        21,
        139,
        12,
        59,
        50,
        82,
        66,
        157,
        0
      ],
      [
        0,
        47,
        200,
        149,
        63,
        162,
        138,
        73,
        141,
        185,
        39,
        175,
        0
      ],
      [
        0,
        124,
        156,
        15,
        48,
        180,
        43,
        3,
        136,
        102,
        95,
        80,
        178,
        0
      ],
      [
        0,
        195,
        182,
        57,
        147,
        40,
        119,
        16,
        161,
        72,
        0
      ],
      [
        0,
        84,
        199,
        127,
        118,
        105,
        176,
        69,
        113,
        191,
        58,
        134,
        123,
        11,
        0
      ],
      [
        0,
        131,
        179,
        7,
        68,
        18,
        183,
        184,
        198,
        91,
        126,
        70,
        0
      ],
      [
        0,
        54,
        143,
        9,
        188,
        29,
        173,
        107,
        81,
        194,
        158,
        0
      ],
      [
        0,
        42,
        172,
        197,
        5,
        62,
        26,
        20,
        159,
        77,
        46,
        186,
        0
      ],
      [
        0,
        152,
        190,
        27,
        167,
        169,
        22,
        129,
        55,
        41,
        0
      ],
      [
        0,
        155,
        88,
        71,
        144,
        121,
        87,
        17,
        13,
        60,
        1,
        0
      ],
      [
        0,
        45,
        108,
        56,
        165,
        85,
        177,
        128,
        94,
        125,
        189,
        33,
        0
      ],
      [
        0,
        109,
        151,
        99,
        168,
        160,
        112,
        114,
        117,
        86,
        83,
        0
      ],
      [
        0,
        103,
        51,
        110,
        90,
        44,
        116,
        145,
        193,
        148,
        36,
        0
      ],
      [
        0,
        196,
        61,
        106,
        31,
        52,
        74,
        192,
        115,
        34,
        76,
        75,
        0
      ],
      [
        0,
        65,
        23,
        32,
        38,
        101,
        53,
        8,
        2,
        146,
        0
      ],
      [
        0,
        10,
        25,
        104,
        35,
        164,
        122,
        181,
        137,
        93,
        0
      ],
      [
        0,
        142,
        133,
        98,
        24,
        111,
        0
      ],
      [
        0,
        163,
        170,
        79,
        135,
        96,
        97,
        0
      ]
    ],
    "errors": [],
    "missing_customers": [],
    "duplicate_customers": []
  },
  "evaluation": {
    "load_variance": 792.49,
    "spatial_variance": 7.795,
    "total_distance": 5288.770865115936,
    "total_time": 8738.867014220717,
    "vehicles_used": 20,
    "objective": 4876.518571256233
  }
}