{
  "instance": "Mixed_tight_200_29",
  "feasible": true,
  "constraints": {
    "total_routes": 26,
    "total_distance": 5214.3304746893855,
    "total_time": 9814.416676228475,
    "vehicles_used": 26,
    "route_details": [
      [
        0,
        163,
        47,
        200,
        130,
        0
      ],
      [
        0,
        153,
        28,
        49,
        6,
        89,
        189,
        125,
        66,
        0
      ],
      [
        0,
        162,
        35,
        164,
        10,
        77,
        137,
        123,
        76,
        2,
        175,
        0
      ],
      [
        0,
        142,
        24,
        169,
        111,
        198,
        95,
        145,
        178,
        36,
        0
      ],
      [
        0,
        37,
        100,
        9,
        188,
        29,
        139,
        21,
        166,
        17,
        0
      ],
      [
        0,
        149,
        63,
        14,
        132,
        78,
        171,
        187,
        150,
        55,
        158,
        0
      ],
      [
        0,
        57,
        182,
        133,
        147,
        40,
        16,
        98,
        119,
        161,
        72,
        0
      ],
      [
        0,
        102,
        15,
        103,
        90,
        79,
        73,
        135,
        120,
        0
      ],
      [
        0,
        199,
        84,
        127,
        118,
        105,
        69,
        13,
        8,
        60,
        1,
        75,
        0
      ],
      [
        0,
        54,
        140,
        155,
        176,
        113,
        191,
        58,
        134,
        87,
        71,
        11,
        0
      ],
      [
        0,
        92,
        195,
        61,
        22,
        106,
        50,
        107,
        33,
        0
      ],
      [
        0,
        156,
        131,
        124,
        43,
        180,
        3,
        136,
        129,
        41,
        0
      ],
      [
        0,
        152,
        167,
        196,
        190,
        184,
        51,
        27,
        91,
        126,
        0
      ],
      [
        0,
        42,
        181,
        62,
        26,
        159,
        20,
        174,
        185,
        141,
        0
      ],
      [
        0,
        88,
        65,
        144,
        121,
        115,
        30,
        64,
        67,
        0
      ],
      [
        0,
        165,
        85,
        45,
        56,
        108,
        38,
        32,
        23,
        117,
        52,
        74,
        70,
        157,
        0
      ],
      [
        0,
        197,
        172,
        5,
        104,
        25,
        122,
        93,
        193,
        146,
        0
      ],
      [
        0,
        128,
        177,
        168,
        99,
        94,
        86,
        101,
        192,
        81,
        82,
        0
      ],
      [
        0,
        31,
        53,
        151,
        160,
        112,
        80,
        83,
        148,
        0
      ],
      [
        0,
        4,
        170,
        46,
        138,
        186,
        96,
        34,
        97,
        0
      ],
      [
        0,
        48,
        7,
        179,
        68,
        18,
        183,
        110,
        44,
        116,
        19,
        39,
        0
      ],
      [
        0,
        59,
        12,
        143,
        173,
        109,
        114,
        194,
        154,
        0
      ],
      [
        0,
        0
      ],
      [
        0,
        0
      ],
      [
        0,
        0
      ],
      [
        0,
        0
      ]
    ],
    "errors": [],
    "missing_customers": [],
    "duplicate_customers": []
  },
  "evaluation": {
    "load_variance": 4306.514792899408,
    "spatial_variance": 11.340236686390531,
    "total_distance": 5214.3304746893855,
    "total_time": 9814.416676228475,
    "vehicles_used": 26,
    "objective": 5776.3174494351515
  }
}