{
  "instance": "Mixed_large_200_42",
  "feasible": true,
  "constraints": {
    "total_routes": 5,
    "total_distance": 5510.620294441891,
    "total_time": 9686.093756889244,
    "vehicles_used": 5,
    "route_details": [
      [
        0,
        199,
        153,
        14,
        47,
        48,
        43,
        180,
        63,
        149,
        130,
        78,
        187,
        171,
        28,
        150,
        142,
        4,
        12,
        89,
        139,
        59,
        143,
        173,
        86,
        101,
        29,
        188,
        21,
        166,
        129,
        198,
        22,
        106,
        41,
        154,
        107,
        19,
        67,
        30,
        64,
        0
      ],
      [
        0,
        169,
        152,
        156,
        131,
        24,
        57,
        16,
        40,
        98,
        37,
        9,
        54,
        140,
        155,
        88,
        69,
        105,
        127,
        84,
        118,
        65,
        144,
        71,
        87,
        191,
        176,
        113,
        137,
        58,
        134,
        123,
        97,
        13,
        1,
        2,
        146,
        193,
        39,
        148,
        83,
        36,
        0
      ],
      [
        0,
        49,
        6,
        42,
        197,
        181,
        5,
        172,
        136,
        3,
        124,
        102,
        15,
        7,
        68,
        18,
        183,
        196,
        184,
        190,
        51,
        27,
        167,
        111,
        61,
        52,
        119,
        161,
        72,
        117,
        23,
        80,
        145,
        95,
        116,
        44,
        110,
        90,
        50,
        93,
        75,
        60,
        175,
        0
      ],
      [
        0,
        195,
        182,
        147,
        133,
        100,
        92,
        31,
        165,
        85,
        53,
        151,
        94,
        99,
        168,
        128,
        177,
        189,
        109,
        160,
        112,
        56,
        32,
        38,
        108,
        45,
        114,
        125,
        74,
        186,
        79,
        135,
        8,
        178,
        73,
        11,
        66,
        96,
        34,
        76,
        141,
        185,
        120,
        0
      ],
      [
        0,
        103,
        132,
        179,
        200,
        162,
        163,
        138,
        20,
        26,
        164,
        170,
        10,
        25,
        104,
        77,
        35,
        122,
        62,
        159,
        46,
        192,
        91,
        55,
        121,
        115,
        17,
        33,
        82,
        194,
        126,
        81,
        174,
        158,
        70,
        157,
        0
      ]
    ],
    "errors": [],
    "missing_customers": [],
    "duplicate_customers": []
  },
  "evaluation": {
    "load_variance": 5089.4400000000005,
    "spatial_variance": 33.519999999999996,
    "total_distance": 5510.620294441891,
    "total_time": 9686.093756889244,
    "vehicles_used": 5,
    "objective": 5481.2022885217075
  }
}