{
  "instance": "Mixed_large_200_42",
  "feasible": true,
  "constraints": {
    "total_routes": 5,
    "total_distance": 4940.883815235291,
    "total_time": 8687.015684285578,
    "vehicles_used": 5,
    "route_details": [
      {
        "route": [
          0,
          199,
          153,
          14,
          47,
          48,
          43,
          180,
          63,
          149,
          130,
          78,
          187,
          171,
          28,
          150,
          142,
          4,
          12,
          89,
          139,
          59,
          143,
          173,
          86,
          101,
          29,
          188,
          21,
          166,
          194,
          129,
          198,
          126,
          22,
          106,
          70,
          41,
          154,
          82,
          81,
          107,
          157,
          33,
          66,
          17,
          19,
          67,
          30,
          64,
          0
        ],
        "num_customers": 49
      },
      {
        "route": [
          0,
          169,
          152,
          156,
          131,
          24,
          57,
          16,
          40,
          98,
          37,
          9,
          54,
          140,
          155,
          88,
          69,
          105,
          127,
          84,
          118,
          65,
          144,
          71,
          87,
          191,
          176,
          113,
          137,
          58,
          134,
          123,
          11,
          115,
          97,
          13,
          60,
          1,
          76,
          2,
          34,
          120,
          146,
          193,
          141,
          185,
          175,
          39,
          36,
          83,
          148,
          0
        ],
        "num_customers": 50
      },
      {
        "route": [
          0,
          49,
          6,
          42,
          197,
          181,
          5,
          172,
          136,
          3,
          124,
          102,
          15,
          7,
          68,
          18,
          183,
          196,
          184,
          190,
          51,
          27,
          167,
          111,
          61,
          52,
          119,
          161,
          72,
          117,
          23,
          80,
          145,
          95,
          116,
          44,
          110,
          178,
          90,
          50,
          93,
          73,
          75,
          0
        ],
        "num_customers": 42
      },
      {
        "route": [
          0,
          195,
          182,
          147,
          133,
          100,
          92,
          31,
          165,
          85,
          53,
          151,
          94,
          99,
          168,
          128,
          177,
          189,
          109,
          160,
          112,
          56,
          32,
          38,
          108,
          45,
          114,
          125,
          74,
          186,
          79,
          135,
          8,
          96,
          0
        ],
        "num_customers": 33
      },
      {
        "route": [
          0,
          103,
          132,
          179,
          200,
          162,
          163,
          138,
          20,
          26,
          164,
          170,
          10,
          25,
          104,
          77,
          35,
          122,
          62,
          159,
          46,
          192,
          91,
          55,
          121,
          174,
          158,
          0
        ],
        "num_customers": 26
      }
    ],
    "errors": [],
    "missing_customers": [],
    "duplicate_customers": []
  },
  "evaluation": {
    "load_variance": 19881.04,
    "spatial_variance": 108.55999999999999,
    "total_distance": 4940.883815235291,
    "total_time": 8687.015684285578,
    "vehicles_used": 5,
    "objective": 6770.086043308774
  }
}