{
  "instance": "Mixed_large_200_39",
  "feasible": true,
  "constraints": {
    "total_routes": 12,
    "total_distance": 5146.297372135121,
    "total_time": 13814.90866454895,
    "vehicles_used": 12,
    "route_details": [
      [
        0,
        92,
        195,
        16,
        85,
        155,
        143,
        59,
        132,
        170,
        19,
        103,
        116,
        27,
        111,
        198,
        44,
        145,
        126,
        110,
        18,
        15,
        179,
        183,
        196,
        180,
        0
      ],
      [
        0,
        100,
        54,
        140,
        149,
        120,
        14,
        131,
        95,
        102,
        3,
        83,
        39,
        47,
        200,
        79,
        193,
        164,
        5,
        46,
        42,
        1,
        75,
        88,
        69,
        134,
        97,
        174,
        0
      ],
      [
        0,
        130,
        122,
        104,
        35,
        43,
        190,
        80,
        184,
        136,
        188,
        81,
        29,
        166,
        194,
        107,
        157,
        33,
        173,
        74,
        32,
        106,
        70,
        147,
        182,
        0
      ],
      [
        0,
        191,
        127,
        13,
        60,
        199,
        31,
        128,
        168,
        98,
        38,
        21,
        86,
        151,
        177,
        99,
        125,
        101,
        192,
        53,
        94,
        160,
        65,
        12,
        139,
        89,
        0
      ],
      [
        0,
        0
      ],
      [
        0,
        4,
        57,
        163,
        62,
        10,
        77,
        141,
        181,
        73,
        93,
        146,
        2,
        135,
        26,
        138,
        159,
        185,
        172,
        34,
        175,
        0
      ],
      [
        0,
        6,
        78,
        49,
        48,
        142,
        152,
        167,
        40,
        133,
        23,
        45,
        56,
        165,
        72,
        119,
        36,
        178,
        124,
        28,
        153,
        0
      ],
      [
        0,
        161,
        169,
        24,
        156,
        64,
        17,
        105,
        176,
        113,
        186,
        58,
        144,
        118,
        87,
        71,
        123,
        137,
        121,
        115,
        11,
        8,
        96,
        76,
        30,
        67,
        0
      ],
      [
        0,
        9,
        66,
        37,
        84,
        171,
        162,
        63,
        197,
        154,
        108,
        114,
        50,
        112,
        189,
        109,
        117,
        52,
        129,
        22,
        41,
        55,
        158,
        82,
        0
      ],
      [
        0,
        150,
        148,
        68,
        7,
        91,
        51,
        61,
        90,
        25,
        20,
        187,
        0
      ],
      [
        0,
        0
      ],
      [
        0,
        0
      ]
    ],
    "errors": [],
    "missing_customers": [],
    "duplicate_customers": []
  },
  "evaluation": {
    "load_variance": 33211.583333333336,
    "spatial_variance": 84.15277777777779,
    "total_distance": 5146.297372135121,
    "total_time": 13814.90866454895,
    "vehicles_used": 12,
    "objective": 10353.914597848134
  }
}