{
  "instance": "Mixed_large_200_37",
  "feasible": true,
  "constraints": {
    "total_routes": 6,
    "total_distance": 5206.681073213595,
    "total_time": 10244.030784859422,
    "vehicles_used": 6,
    "route_details": [
      [
        0,
        197,
        172,
        127,
        42,
        88,
        84,
        200,
        43,
        102,
        7,
        68,
        179,
        15,
        40,
        57,
        147,
        16,
        161,
        72,
        198,
        110,
        44,
        90,
        145,
        91,
        80,
        126,
        178,
        120,
        39,
        93,
        146,
        0
      ],
      [
        0,
        56,
        31,
        45,
        85,
        177,
        128,
        165,
        143,
        155,
        118,
        199,
        181,
        35,
        5,
        103,
        180,
        183,
        190,
        184,
        130,
        51,
        27,
        111,
        95,
        41,
        116,
        70,
        0
      ],
      [
        0,
        89,
        61,
        18,
        169,
        182,
        114,
        108,
        168,
        151,
        160,
        189,
        53,
        38,
        32,
        23,
        99,
        117,
        52,
        129,
        22,
        106,
        55,
        107,
        81,
        115,
        17,
        66,
        30,
        75,
        175,
        0
      ],
      [
        0,
        54,
        140,
        59,
        12,
        9,
        37,
        100,
        94,
        65,
        173,
        159,
        25,
        10,
        77,
        104,
        62,
        26,
        164,
        78,
        171,
        188,
        29,
        139,
        112,
        109,
        21,
        166,
        86,
        125,
        74,
        101,
        192,
        50,
        194,
        158,
        82,
        154,
        33,
        157,
        0
      ],
      [
        0,
        6,
        153,
        92,
        28,
        163,
        142,
        4,
        136,
        3,
        170,
        196,
        167,
        195,
        119,
        98,
        69,
        105,
        137,
        144,
        71,
        176,
        113,
        191,
        58,
        134,
        87,
        121,
        123,
        11,
        8,
        60,
        1,
        13,
        97,
        174,
        64,
        67,
        0
      ],
      [
        0,
        132,
        149,
        63,
        152,
        133,
        156,
        124,
        131,
        48,
        24,
        162,
        14,
        47,
        49,
        150,
        187,
        122,
        20,
        46,
        138,
        186,
        19,
        193,
        79,
        73,
        135,
        96,
        34,
        76,
        2,
        141,
        185,
        83,
        148,
        36,
        0
      ]
    ],
    "errors": [],
    "missing_customers": [],
    "duplicate_customers": []
  },
  "evaluation": {
    "load_variance": 2850.6666666666665,
    "spatial_variance": 42.22222222222222,
    "total_distance": 5206.681073213595,
    "total_time": 10244.030784859422,
    "vehicles_used": 6,
    "objective": 5352.538820781974
  }
}