{
  "instance": "Mixed_tight_200_33",
  "feasible": true,
  "constraints": {
    "total_routes": 22,
    "total_distance": 5248.562422663256,
    "total_time": 8797.912944985985,
    "vehicles_used": 22,
    "route_details": [
      [
        0,
        100,
        12,
        9,
        59,
        143,
        89,
        139,
        144,
        121,
        115,
        34,
        0
      ],
      [
        0,
        142,
        131,
        68,
        179,
        167,
        190,
        129,
        22,
        81,
        0
      ],
      [
        0,
        163,
        6,
        28,
        149,
        3,
        110,
        44,
        90,
        178,
        36,
        0
      ],
      [
        0,
        49,
        24,
        196,
        18,
        152,
        183,
        93,
        193,
        141,
        185,
        146,
        0
      ],
      [
        0,
        182,
        133,
        16,
        147,
        57,
        52,
        106,
        41,
        154,
        0
      ],
      [
        0,
        200,
        5,
        62,
        26,
        46,
        138,
        159,
        186,
        135,
        2,
        0
      ],
      [
        0,
        4,
        169,
        124,
        102,
        180,
        43,
        136,
        79,
        73,
        96,
        19,
        120,
        39,
        0
      ],
      [
        0,
        92,
        14,
        119,
        98,
        161,
        72,
        74,
        194,
        0
      ],
      [
        0,
        88,
        127,
        84,
        199,
        105,
        69,
        176,
        58,
        113,
        191,
        134,
        174,
        0
      ],
      [
        0,
        45,
        56,
        108,
        173,
        188,
        117,
        86,
        101,
        50,
        55,
        158,
        0
      ],
      [
        0,
        153,
        47,
        63,
        20,
        172,
        42,
        187,
        150,
        0
      ],
      [
        0,
        140,
        171,
        78,
        132,
        130,
        0
      ],
      [
        0,
        156,
        48,
        184,
        15,
        7,
        51,
        27,
        95,
        80,
        126,
        70,
        0
      ],
      [
        0,
        54,
        155,
        118,
        166,
        87,
        71,
        82,
        64,
        30,
        0
      ],
      [
        0,
        195,
        31,
        32,
        23,
        38,
        85,
        160,
        189,
        125,
        33,
        157,
        0
      ],
      [
        0,
        162,
        197,
        181,
        104,
        25,
        164,
        35,
        77,
        122,
        10,
        13,
        8,
        0
      ],
      [
        0,
        37,
        165,
        65,
        168,
        151,
        112,
        109,
        114,
        192,
        107,
        17,
        0
      ],
      [
        0,
        103,
        170,
        137,
        123,
        76,
        1,
        60,
        97,
        75,
        175,
        0
      ],
      [
        0,
        40,
        61,
        111,
        198,
        91,
        145,
        116,
        83,
        148,
        0
      ],
      [
        0,
        177,
        99,
        94,
        53,
        128,
        21,
        29,
        11,
        66,
        67,
        0
      ],
      [
        0,
        0
      ],
      [
        0,
        0
      ]
    ],
    "errors": [],
    "missing_customers": [],
    "duplicate_customers": []
  },
  "evaluation": {
    "load_variance": 3388.1983471074377,
    "spatial_variance": 10.71487603305785,
    "total_distance": 5248.562422663256,
    "total_time": 8797.912944985985,
    "vehicles_used": 22,
    "objective": 5238.851128146445
  }
}