{
  "instance": "Mixed_large_200_40",
  "feasible": true,
  "constraints": {
    "total_routes": 5,
    "total_distance": 5738.915405509951,
    "total_time": 9381.038097834833,
    "vehicles_used": 5,
    "route_details": [
      [
        0,
        16,
        48,
        100,
        152,
        156,
        167,
        24,
        7,
        43,
        132,
        186,
        172,
        42,
        34,
        135,
        120,
        187,
        79,
        49,
        171,
        153,
        150,
        193,
        40,
        119,
        102,
        36,
        163,
        130,
        78,
        14,
        96,
        76,
        30,
        118,
        60,
        11,
        121,
        113,
        58,
        134,
        17,
        97,
        175,
        71,
        127,
        88,
        87,
        9,
        66,
        0
      ],
      [
        0,
        82,
        21,
        139,
        12,
        81,
        37,
        169,
        59,
        98,
        61,
        38,
        188,
        72,
        91,
        145,
        111,
        80,
        90,
        22,
        44,
        95,
        196,
        41,
        158,
        106,
        126,
        83,
        51,
        70,
        27,
        190,
        68,
        184,
        183,
        200,
        39,
        131,
        136,
        182,
        157,
        165,
        143,
        174,
        147,
        161,
        0
      ],
      [
        0,
        0
      ],
      [
        0,
        67,
        140,
        54,
        64,
        191,
        1,
        13,
        84,
        199,
        155,
        85,
        168,
        128,
        108,
        105,
        176,
        112,
        109,
        144,
        137,
        115,
        69,
        8,
        164,
        181,
        25,
        146,
        93,
        73,
        122,
        185,
        2,
        149,
        162,
        6,
        28,
        10,
        141,
        62,
        20,
        75,
        123,
        104,
        19,
        103,
        26,
        5,
        197,
        138,
        159,
        46,
        0
      ],
      [
        0,
        142,
        124,
        3,
        180,
        47,
        63,
        133,
        35,
        170,
        77,
        89,
        192,
        151,
        177,
        189,
        99,
        74,
        52,
        31,
        45,
        50,
        65,
        23,
        117,
        55,
        160,
        33,
        32,
        125,
        107,
        166,
        29,
        195,
        194,
        53,
        101,
        94,
        56,
        86,
        92,
        4,
        57,
        154,
        114,
        173,
        198,
        148,
        116,
        110,
        18,
        15,
        179,
        178,
        129,
        0
      ]
    ],
    "errors": [],
    "missing_customers": [],
    "duplicate_customers": []
  },
  "evaluation": {
    "load_variance": 129867.84000000001,
    "spatial_variance": 290.56,
    "total_distance": 5738.915405509951,
    "total_time": 9381.038097834833,
    "vehicles_used": 5,
    "objective": 20425.47778561968
  }
}