{
  "instance": "Mixed_large_200_36",
  "feasible": true,
  "constraints": {
    "total_routes": 13,
    "total_distance": 6395.567235705965,
    "total_time": 17586.139229705695,
    "vehicles_used": 13,
    "route_details": [
      [
        0,
        4,
        182,
        152,
        84,
        9,
        88,
        143,
        99,
        89,
        189,
        114,
        21,
        166,
        50,
        194,
        55,
        107,
        81,
        158,
        154,
        0
      ],
      [
        0,
        156,
        15,
        179,
        102,
        165,
        31,
        40,
        16,
        98,
        104,
        25,
        20,
        10,
        46,
        77,
        138,
        122,
        186,
        79,
        73,
        135,
        96,
        193,
        141,
        75,
        175,
        0
      ],
      [
        0,
        42,
        57,
        133,
        12,
        59,
        45,
        56,
        108,
        119,
        38,
        65,
        139,
        41,
        70,
        0
      ],
      [
        0,
        195,
        199,
        63,
        127,
        105,
        94,
        188,
        29,
        112,
        125,
        109,
        101,
        74,
        121,
        123,
        115,
        17,
        13,
        8,
        34,
        76,
        2,
        60,
        64,
        0
      ],
      [
        0,
        142,
        131,
        48,
        47,
        24,
        49,
        149,
        172,
        197,
        14,
        62,
        170,
        136,
        110,
        44,
        93,
        19,
        185,
        120,
        39,
        146,
        83,
        148,
        0
      ],
      [
        0,
        147,
        169,
        167,
        7,
        18,
        124,
        68,
        196,
        43,
        190,
        61,
        184,
        161,
        72,
        0
      ],
      [
        0,
        6,
        162,
        5,
        35,
        118,
        69,
        176,
        113,
        191,
        58,
        134,
        144,
        87,
        71,
        137,
        174,
        11,
        1,
        97,
        30,
        67,
        0
      ],
      [
        0,
        92,
        54,
        140,
        37,
        100,
        181,
        200,
        132,
        103,
        3,
        180,
        183,
        51,
        27,
        33,
        66,
        82,
        0
      ],
      [
        0,
        28,
        163,
        153,
        78,
        164,
        159,
        26,
        171,
        130,
        187,
        150,
        111,
        198,
        192,
        91,
        116,
        126,
        157,
        0
      ],
      [
        0,
        155,
        128,
        177,
        85,
        168,
        53,
        173,
        32,
        151,
        23,
        160,
        117,
        52,
        86,
        129,
        22,
        106,
        95,
        90,
        145,
        80,
        178,
        36,
        0
      ],
      [
        0,
        0
      ],
      [
        0,
        0
      ],
      [
        0,
        0
      ]
    ],
    "errors": [],
    "missing_customers": [],
    "duplicate_customers": []
  },
  "evaluation": {
    "load_variance": 26727.44378698225,
    "spatial_variance": 59.25443786982248,
    "total_distance": 6395.567235705965,
    "total_time": 17586.139229705695,
    "vehicles_used": 13,
    "objective": 11226.07414879094
  }
}