{
  "instance": "Random_large_200_25",
  "feasible": true,
  "constraints": {
    "total_routes": 7,
    "total_distance": 6184.952848615883,
    "total_time": 9877.881118494386,
    "vehicles_used": 7,
    "route_details": [
      [
        0,
        164,
        34,
        74,
        62,
        131,
        179,
        23,
        41,
        116,
        77,
        143,
        152,
        119,
        161,
        64,
        91,
        150,
        40,
        32,
        44,
        200,
        146,
        191,
        178,
        102,
        145,
        122,
        69,
        96,
        57,
        73,
        45,
        154,
        181,
        183,
        99,
        171,
        0
      ],
      [
        0,
        113,
        4,
        26,
        8,
        95,
        197,
        139,
        117,
        137,
        35,
        88,
        162,
        94,
        63,
        134,
        176,
        89,
        189,
        30,
        83,
        105,
        174,
        70,
        106,
        82,
        76,
        111,
        28,
        12,
        2,
        108,
        188,
        182,
        54,
        97,
        1,
        59,
        51,
        72,
        56,
        0
      ],
      [
        0,
        180,
        126,
        79,
        166,
        157,
        50,
        71,
        65,
        33,
        48,
        194,
        184,
        19,
        103,
        43,
        15,
        195,
        120,
        172,
        81,
        29,
        9,
        158,
        37,
        49,
        160,
        101,
        185,
        42,
        155,
        175,
        52,
        39,
        144,
        0
      ],
      [
        0,
        25,
        87,
        190,
        104,
        149,
        100,
        36,
        192,
        118,
        47,
        61,
        199,
        177,
        135,
        165,
        170,
        3,
        14,
        133,
        142,
        66,
        11,
        141,
        123,
        130,
        17,
        198,
        84,
        58,
        16,
        98,
        5,
        93,
        173,
        156,
        22,
        24,
        127,
        112,
        60,
        186,
        75,
        67,
        168,
        18,
        80,
        0
      ],
      [
        0,
        115,
        92,
        125,
        129,
        140,
        147,
        132,
        31,
        167,
        21,
        6,
        151,
        78,
        90,
        68,
        124,
        13,
        196,
        138,
        107,
        159,
        7,
        38,
        128,
        114,
        136,
        27,
        193,
        187,
        55,
        121,
        109,
        110,
        20,
        10,
        153,
        169,
        148,
        53,
        86,
        46,
        85,
        163,
        0
      ],
      [
        0,
        0
      ],
      [
        0,
        0
      ]
    ],
    "errors": [],
    "missing_customers": [],
    "duplicate_customers": []
  },
  "evaluation": {
    "load_variance": 104914.97959183673,
    "spatial_variance": 243.265306122449,
    "total_distance": 6184.952848615883,
    "total_time": 9877.881118494386,
    "vehicles_used": 7,
    "objective": 17752.755379137205
  }
}