{
  "instance": "Random_tight_200_21",
  "feasible": true,
  "constraints": {
    "total_routes": 18,
    "total_distance": 4849.575012201419,
    "total_time": 9270.844080364795,
    "vehicles_used": 18,
    "route_details": [
      [
        0,
        132,
        155,
        81,
        154,
        101,
        60,
        138,
        39,
        105,
        24,
        87,
        149,
        119,
        0
      ],
      [
        0,
        97,
        140,
        45,
        59,
        183,
        114,
        52,
        32,
        38,
        90,
        83,
        108,
        0
      ],
      [
        0,
        73,
        196,
        198,
        174,
        37,
        110,
        141,
        179,
        164,
        46,
        9,
        175,
        0
      ],
      [
        0,
        35,
        145,
        121,
        112,
        88,
        99,
        152,
        62,
        118,
        111,
        66,
        0
      ],
      [
        0,
        55,
        63,
        36,
        195,
        68,
        44,
        79,
        158,
        172,
        156,
        120,
        14,
        18,
        197,
        0
      ],
      [
        0,
        89,
        106,
        125,
        54,
        151,
        4,
        56,
        72,
        107,
        157,
        0
      ],
      [
        0,
        188,
        184,
        15,
        70,
        129,
        191,
        85,
        43,
        65,
        96,
        29,
        12,
        74,
        20,
        0
      ],
      [
        0,
        41,
        91,
        7,
        67,
        150,
        137,
        116,
        25,
        117,
        80,
        182,
        75,
        0
      ],
      [
        0,
        194,
        30,
        128,
        142,
        98,
        34,
        104,
        173,
        13,
        10,
        84,
        57,
        0
      ],
      [
        0,
        147,
        135,
        93,
        199,
        109,
        28,
        133,
        27,
        180,
        61,
        64,
        2,
        0
      ],
      [
        0,
        146,
        169,
        161,
        48,
        92,
        185,
        163,
        124,
        103,
        134,
        69,
        0
      ],
      [
        0,
        53,
        122,
        16,
        115,
        162,
        171,
        8,
        192,
        181,
        143,
        0
      ],
      [
        0,
        166,
        33,
        153,
        71,
        144,
        94,
        47,
        82,
        22,
        186,
        193,
        190,
        167,
        0
      ],
      [
        0,
        5,
        3,
        160,
        130,
        11,
        131,
        50,
        26,
        176,
        165,
        0
      ],
      [
        0,
        17,
        76,
        40,
        42,
        139,
        168,
        148,
        113,
        31,
        1,
        0
      ],
      [
        0,
        19,
        178,
        100,
        102,
        189,
        95,
        77,
        127,
        58,
        23,
        49,
        0
      ],
      [
        0,
        126,
        21,
        123,
        78,
        136,
        6,
        159,
        177,
        0
      ],
      [
        0,
        86,
        51,
        187,
        170,
        200,
        0
      ]
    ],
    "errors": [],
    "missing_customers": [],
    "duplicate_customers": []
  },
  "evaluation": {
    "load_variance": 171.36111111111111,
    "spatial_variance": 9.30246913580247,
    "total_distance": 4849.575012201419,
    "total_time": 9270.844080364795,
    "vehicles_used": 18,
    "objective": 4838.496712042231
  }
}