{
  "instance": "Random_tight_200_20",
  "feasible": true,
  "constraints": {
    "total_routes": 21,
    "total_distance": 5292.765500864781,
    "total_time": 9632.755268158215,
    "vehicles_used": 21,
    "route_details": [
      [
        0,
        132,
        81,
        154,
        60,
        171,
        138,
        59,
        83,
        24,
        149,
        119,
        0
      ],
      [
        0,
        196,
        73,
        115,
        122,
        8,
        103,
        165,
        69,
        18,
        14,
        0
      ],
      [
        0,
        157,
        55,
        150,
        28,
        80,
        147,
        72,
        107,
        7,
        56,
        0
      ],
      [
        0,
        140,
        46,
        141,
        89,
        29,
        65,
        96,
        110,
        37,
        174,
        198,
        114,
        0
      ],
      [
        0,
        145,
        35,
        111,
        121,
        112,
        99,
        152,
        62,
        13,
        90,
        0
      ],
      [
        0,
        87,
        120,
        92,
        48,
        16,
        162,
        187,
        139,
        170,
        42,
        168,
        0
      ],
      [
        0,
        41,
        63,
        185,
        76,
        146,
        31,
        134,
        158,
        1,
        0
      ],
      [
        0,
        4,
        106,
        58,
        82,
        47,
        94,
        12,
        39,
        108,
        97,
        0
      ],
      [
        0,
        175,
        184,
        15,
        153,
        166,
        151,
        125,
        23,
        177,
        102,
        52,
        0
      ],
      [
        0,
        36,
        137,
        68,
        50,
        123,
        126,
        79,
        172,
        148,
        197,
        0
      ],
      [
        0,
        44,
        11,
        130,
        160,
        3,
        49,
        61,
        25,
        116,
        5,
        0
      ],
      [
        0,
        194,
        30,
        34,
        38,
        104,
        100,
        84,
        118,
        88,
        161,
        53,
        0
      ],
      [
        0,
        57,
        173,
        178,
        127,
        77,
        189,
        95,
        136,
        159,
        10,
        32,
        0
      ],
      [
        0,
        135,
        199,
        93,
        27,
        133,
        64,
        180,
        195,
        109,
        182,
        9,
        0
      ],
      [
        0,
        128,
        20,
        163,
        6,
        98,
        142,
        200,
        40,
        17,
        0
      ],
      [
        0,
        193,
        186,
        71,
        54,
        144,
        179,
        190,
        167,
        33,
        70,
        188,
        0
      ],
      [
        0,
        156,
        26,
        51,
        143,
        176,
        21,
        124,
        181,
        169,
        78,
        0
      ],
      [
        0,
        45,
        183,
        2,
        43,
        85,
        191,
        129,
        164,
        22,
        19,
        74,
        105,
        0
      ],
      [
        0,
        0
      ],
      [
        0,
        155,
        67,
        131,
        86,
        66,
        192,
        101,
        113,
        117,
        75,
        91,
        0
      ],
      [
        0,
        0
      ]
    ],
    "errors": [],
    "missing_customers": [],
    "duplicate_customers": []
  },
  "evaluation": {
    "load_variance": 3279.251700680272,
    "spatial_variance": 9.151927437641724,
    "total_distance": 5292.765500864781,
    "total_time": 9632.755268158215,
    "vehicles_used": 21,
    "objective": 5508.898077348214
  }
}