{
  "instance": "Random_tight_200_15",
  "feasible": true,
  "constraints": {
    "total_routes": 23,
    "total_distance": 5758.813279627284,
    "total_time": 11714.377534526735,
    "vehicles_used": 23,
    "route_details": [
      [
        0,
        132,
        18,
        143,
        66,
        78,
        187,
        139,
        185,
        113,
        149,
        0
      ],
      [
        0,
        196,
        145,
        28,
        80,
        133,
        27,
        116,
        197,
        0
      ],
      [
        0,
        140,
        30,
        35,
        21,
        165,
        31,
        169,
        103,
        42,
        0
      ],
      [
        0,
        46,
        184,
        153,
        186,
        193,
        151,
        9,
        70,
        191,
        65,
        0
      ],
      [
        0,
        157,
        41,
        6,
        173,
        29,
        96,
        174,
        110,
        37,
        0
      ],
      [
        0,
        55,
        67,
        86,
        131,
        130,
        11,
        25,
        180,
        49,
        61,
        117,
        0
      ],
      [
        0,
        106,
        85,
        54,
        89,
        125,
        144,
        43,
        190,
        56,
        0
      ],
      [
        0,
        4,
        188,
        15,
        178,
        39,
        83,
        45,
        24,
        0
      ],
      [
        0,
        155,
        120,
        51,
        123,
        176,
        69,
        134,
        126,
        148,
        119,
        0
      ],
      [
        0,
        158,
        3,
        5,
        64,
        195,
        160,
        79,
        156,
        172,
        50,
        14,
        150,
        0
      ],
      [
        0,
        81,
        1,
        26,
        124,
        161,
        17,
        200,
        121,
        0
      ],
      [
        0,
        87,
        13,
        100,
        163,
        104,
        118,
        88,
        183,
        52,
        90,
        0
      ],
      [
        0,
        63,
        44,
        36,
        137,
        68,
        109,
        182,
        91,
        75,
        0
      ],
      [
        0,
        57,
        94,
        12,
        19,
        95,
        23,
        22,
        47,
        82,
        77,
        127,
        114,
        0
      ],
      [
        0,
        99,
        194,
        20,
        34,
        38,
        136,
        159,
        97,
        0
      ],
      [
        0,
        147,
        93,
        199,
        135,
        33,
        167,
        179,
        107,
        72,
        7,
        0
      ],
      [
        0,
        168,
        92,
        48,
        98,
        62,
        142,
        111,
        60,
        105,
        0
      ],
      [
        0,
        164,
        141,
        71,
        166,
        129,
        175,
        177,
        74,
        108,
        0
      ],
      [
        0,
        146,
        115,
        16,
        162,
        171,
        181,
        101,
        154,
        0
      ],
      [
        0,
        59,
        112,
        152,
        84,
        138,
        32,
        189,
        102,
        10,
        198,
        58,
        0
      ],
      [
        0,
        73,
        192,
        53,
        2,
        8,
        122,
        76,
        170,
        40,
        128,
        0
      ],
      [
        0,
        0
      ],
      [
        0,
        0
      ]
    ],
    "errors": [],
    "missing_customers": [],
    "duplicate_customers": []
  },
  "evaluation": {
    "load_variance": 2854.9754253308133,
    "spatial_variance": 7.349716446124764,
    "total_distance": 5758.813279627284,
    "total_time": 11714.377534526735,
    "vehicles_used": 23,
    "objective": 6342.920485346565
  }
}