{
  "instance": "Random_tight_200_19",
  "feasible": true,
  "constraints": {
    "total_routes": 21,
    "total_distance": 5940.720517702144,
    "total_time": 10197.303155665142,
    "vehicles_used": 21,
    "route_details": [
      [
        0,
        4,
        46,
        94,
        89,
        38,
        47,
        82,
        174,
        74,
        45,
        0
      ],
      [
        0,
        63,
        120,
        51,
        50,
        66,
        113,
        31,
        134,
        148,
        139,
        185,
        0
      ],
      [
        0,
        140,
        87,
        143,
        175,
        129,
        191,
        141,
        9,
        65,
        110,
        37,
        0
      ],
      [
        0,
        72,
        15,
        188,
        54,
        12,
        100,
        173,
        138,
        39,
        83,
        97,
        0
      ],
      [
        0,
        73,
        196,
        16,
        8,
        162,
        76,
        17,
        111,
        152,
        198,
        114,
        0
      ],
      [
        0,
        44,
        158,
        3,
        5,
        86,
        131,
        79,
        116,
        197,
        0
      ],
      [
        0,
        155,
        55,
        67,
        36,
        137,
        68,
        117,
        49,
        195,
        160,
        25,
        182,
        179,
        70,
        164,
        0
      ],
      [
        0,
        85,
        135,
        133,
        64,
        28,
        109,
        180,
        167,
        107,
        91,
        75,
        0
      ],
      [
        0,
        147,
        41,
        150,
        80,
        7,
        14,
        149,
        0
      ],
      [
        0,
        184,
        153,
        71,
        166,
        193,
        186,
        151,
        125,
        33,
        144,
        43,
        190,
        0
      ],
      [
        0,
        157,
        199,
        93,
        130,
        11,
        170,
        78,
        27,
        61,
        0
      ],
      [
        0,
        112,
        99,
        30,
        121,
        161,
        171,
        53,
        59,
        29,
        96,
        56,
        0
      ],
      [
        0,
        106,
        57,
        19,
        95,
        178,
        58,
        127,
        23,
        22,
        77,
        189,
        0
      ],
      [
        0,
        132,
        168,
        92,
        48,
        181,
        169,
        146,
        40,
        42,
        187,
        192,
        0
      ],
      [
        0,
        122,
        115,
        2,
        163,
        90,
        84,
        142,
        88,
        200,
        105,
        0
      ],
      [
        0,
        60,
        145,
        20,
        34,
        104,
        136,
        6,
        159,
        177,
        102,
        52,
        108,
        0
      ],
      [
        0,
        81,
        18,
        35,
        124,
        1,
        103,
        101,
        154,
        119,
        0
      ],
      [
        0,
        26,
        123,
        176,
        21,
        165,
        69,
        126,
        156,
        172,
        0
      ],
      [
        0,
        32,
        13,
        128,
        98,
        62,
        194,
        118,
        183,
        10,
        24,
        0
      ],
      [
        0,
        0
      ],
      [
        0,
        0
      ]
    ],
    "errors": [],
    "missing_customers": [],
    "duplicate_customers": []
  },
  "evaluation": {
    "load_variance": 3247.537414965986,
    "spatial_variance": 10.707482993197278,
    "total_distance": 5940.720517702144,
    "total_time": 10197.303155665142,
    "vehicles_used": 21,
    "objective": 5864.79732234371
  }
}