{
  "instance": "Random_tight_200_17",
  "feasible": true,
  "constraints": {
    "total_routes": 20,
    "total_distance": 4900.349784848494,
    "total_time": 9347.099437408098,
    "vehicles_used": 20,
    "route_details": [
      [
        0,
        132,
        81,
        154,
        101,
        105,
        84,
        24,
        39,
        108,
        87,
        149,
        119,
        0
      ],
      [
        0,
        196,
        145,
        92,
        148,
        168,
        162,
        118,
        111,
        113,
        31,
        0
      ],
      [
        0,
        155,
        67,
        7,
        91,
        41,
        157,
        150,
        107,
        72,
        188,
        4,
        175,
        9,
        0
      ],
      [
        0,
        121,
        152,
        99,
        88,
        114,
        198,
        19,
        178,
        102,
        177,
        58,
        47,
        0
      ],
      [
        0,
        73,
        181,
        124,
        103,
        134,
        1,
        165,
        69,
        79,
        197,
        0
      ],
      [
        0,
        70,
        15,
        184,
        68,
        116,
        86,
        131,
        49,
        160,
        117,
        61,
        0
      ],
      [
        0,
        106,
        125,
        141,
        129,
        96,
        151,
        54,
        164,
        46,
        0
      ],
      [
        0,
        137,
        44,
        36,
        48,
        169,
        146,
        185,
        161,
        17,
        2,
        40,
        60,
        0
      ],
      [
        0,
        183,
        30,
        128,
        142,
        98,
        194,
        163,
        20,
        62,
        13,
        10,
        57,
        74,
        0
      ],
      [
        0,
        93,
        199,
        109,
        28,
        133,
        27,
        195,
        64,
        156,
        80,
        182,
        75,
        0
      ],
      [
        0,
        14,
        55,
        18,
        112,
        32,
        90,
        89,
        45,
        97,
        0
      ],
      [
        0,
        122,
        16,
        115,
        171,
        170,
        8,
        42,
        53,
        192,
        35,
        0
      ],
      [
        0,
        135,
        71,
        94,
        82,
        22,
        95,
        127,
        12,
        29,
        110,
        37,
        174,
        0
      ],
      [
        0,
        63,
        5,
        3,
        130,
        180,
        11,
        158,
        172,
        120,
        143,
        0
      ],
      [
        0,
        140,
        59,
        173,
        104,
        34,
        136,
        100,
        159,
        52,
        138,
        83,
        0
      ],
      [
        0,
        21,
        123,
        78,
        139,
        187,
        76,
        200,
        38,
        0
      ],
      [
        0,
        51,
        176,
        126,
        26,
        6,
        189,
        77,
        23,
        50,
        66,
        25,
        0
      ],
      [
        0,
        0
      ],
      [
        0,
        65,
        43,
        85,
        191,
        186,
        144,
        193,
        147,
        167,
        166,
        179,
        190,
        153,
        33,
        56,
        0
      ],
      [
        0,
        0
      ]
    ],
    "errors": [],
    "missing_customers": [],
    "duplicate_customers": []
  },
  "evaluation": {
    "load_variance": 3504.1275,
    "spatial_variance": 14.205,
    "total_distance": 4900.349784848494,
    "total_time": 9347.099437408098,
    "vehicles_used": 20,
    "objective": 5318.203949304958
  }
}