{
  "instance": "Random_large_200_27",
  "feasible": true,
  "constraints": {
    "total_routes": 5,
    "total_distance": 5631.337355402035,
    "total_time": 9311.459018717016,
    "vehicles_used": 5,
    "route_details": [
      [
        0,
        45,
        8,
        62,
        192,
        74,
        131,
        152,
        61,
        119,
        118,
        194,
        21,
        88,
        139,
        140,
        147,
        103,
        172,
        175,
        19,
        81,
        179,
        63,
        3,
        182,
        144,
        111,
        34,
        4,
        165,
        36,
        9,
        158,
        106,
        82,
        2,
        109,
        20,
        148,
        52,
        188,
        108,
        134,
        28,
        94,
        104,
        33,
        190,
        199,
        125,
        0
      ],
      [
        0,
        41,
        96,
        196,
        200,
        122,
        112,
        191,
        185,
        178,
        127,
        146,
        197,
        31,
        29,
        155,
        195,
        15,
        184,
        44,
        141,
        124,
        123,
        17,
        89,
        58,
        27,
        193,
        159,
        40,
        69,
        7,
        187,
        173,
        22,
        86,
        136,
        84,
        114,
        71,
        48,
        167,
        6,
        32,
        13,
        68,
        186,
        55,
        183,
        0
      ],
      [
        0,
        164,
        99,
        163,
        154,
        169,
        113,
        25,
        87,
        73,
        180,
        12,
        110,
        83,
        30,
        170,
        64,
        126,
        26,
        57,
        133,
        157,
        79,
        174,
        50,
        24,
        138,
        5,
        90,
        166,
        95,
        128,
        107,
        38,
        145,
        102,
        60,
        75,
        151,
        78,
        181,
        115,
        67,
        168,
        18,
        80,
        160,
        156,
        39,
        132,
        59,
        135,
        100,
        0
      ],
      [
        0,
        171,
        53,
        70,
        153,
        105,
        189,
        54,
        35,
        177,
        97,
        137,
        162,
        117,
        150,
        142,
        91,
        161,
        66,
        93,
        46,
        85,
        14,
        11,
        10,
        198,
        130,
        176,
        101,
        16,
        98,
        121,
        76,
        149,
        1,
        51,
        37,
        43,
        47,
        72,
        77,
        92,
        143,
        42,
        49,
        65,
        56,
        129,
        120,
        116,
        23,
        0
      ],
      [
        0,
        0
      ]
    ],
    "errors": [],
    "missing_customers": [],
    "duplicate_customers": []
  },
  "evaluation": {
    "load_variance": 123997.84,
    "spatial_variance": 284.32,
    "total_distance": 5631.337355402035,
    "total_time": 9311.459018717016,
    "vehicles_used": 5,
    "objective": 19669.331395401463
  }
}