{
  "instance": "Random_tight_200_18",
  "feasible": true,
  "constraints": {
    "total_routes": 26,
    "total_distance": 5987.671223505513,
    "total_time": 10897.182071564013,
    "vehicles_used": 26,
    "route_details": [
      [
        0,
        55,
        63,
        150,
        36,
        137,
        133,
        182,
        144,
        186,
        179,
        107,
        0
      ],
      [
        0,
        149,
        81,
        1,
        2,
        162,
        170,
        192,
        42,
        0
      ],
      [
        0,
        72,
        184,
        15,
        153,
        193,
        151,
        125,
        138,
        39,
        97,
        0
      ],
      [
        0,
        188,
        147,
        94,
        12,
        19,
        178,
        114,
        90,
        83,
        45,
        24,
        0
      ],
      [
        0,
        112,
        57,
        173,
        152,
        99,
        38,
        84,
        32,
        159,
        111,
        74,
        198,
        0
      ],
      [
        0,
        132,
        18,
        44,
        68,
        66,
        131,
        160,
        25,
        79,
        28,
        27,
        75,
        0
      ],
      [
        0,
        106,
        54,
        89,
        33,
        129,
        164,
        141,
        70,
        190,
        0
      ],
      [
        0,
        4,
        41,
        80,
        64,
        195,
        180,
        116,
        11,
        172,
        197,
        0
      ],
      [
        0,
        67,
        117,
        3,
        5,
        86,
        130,
        126,
        156,
        148,
        0
      ],
      [
        0,
        158,
        120,
        26,
        123,
        139,
        21,
        31,
        134,
        119,
        0
      ],
      [
        0,
        168,
        92,
        143,
        113,
        165,
        124,
        0
      ],
      [
        0,
        85,
        104,
        100,
        95,
        136,
        118,
        88,
        183,
        10,
        59,
        0
      ],
      [
        0,
        155,
        51,
        50,
        14,
        176,
        69,
        167,
        191,
        77,
        110,
        0
      ],
      [
        0,
        13,
        163,
        6,
        189,
        58,
        23,
        22,
        47,
        82,
        174,
        108,
        0
      ],
      [
        0,
        140,
        30,
        20,
        34,
        98,
        62,
        194,
        142,
        177,
        127,
        102,
        52,
        0
      ],
      [
        0,
        48,
        187,
        171,
        122,
        185,
        49,
        91,
        61,
        0
      ],
      [
        0,
        157,
        199,
        93,
        135,
        109,
        56,
        37,
        29,
        96,
        65,
        43,
        0
      ],
      [
        0,
        196,
        73,
        145,
        161,
        169,
        103,
        154,
        0
      ],
      [
        0,
        0
      ],
      [
        0,
        7,
        71,
        166,
        175,
        9,
        0
      ],
      [
        0,
        87,
        115,
        16,
        8,
        146,
        53,
        17,
        78,
        105,
        0
      ],
      [
        0,
        46,
        35,
        60,
        76,
        121,
        181,
        101,
        200,
        40,
        128,
        0
      ],
      [
        0,
        0
      ],
      [
        0,
        0
      ],
      [
        0,
        0
      ],
      [
        0,
        0
      ]
    ],
    "errors": [],
    "missing_customers": [],
    "duplicate_customers": []
  },
  "evaluation": {
    "load_variance": 4990.255917159763,
    "spatial_variance": 14.911242603550296,
    "total_distance": 5987.671223505513,
    "total_time": 10897.182071564013,
    "vehicles_used": 26,
    "objective": 6430.9551403912365
  }
}