{
  "instance": "Random_large_200_24",
  "feasible": true,
  "constraints": {
    "total_routes": 10,
    "total_distance": 6723.215247143553,
    "total_time": 10301.896438314241,
    "vehicles_used": 10,
    "route_details": [
      [
        0,
        67,
        168,
        164,
        18,
        197,
        119,
        73,
        91,
        79,
        26,
        161,
        194,
        6,
        21,
        150,
        94,
        134,
        104,
        3,
        105,
        142,
        123,
        66,
        14,
        130,
        176,
        180,
        158,
        70,
        106,
        82,
        111,
        76,
        12,
        2,
        108,
        188,
        182,
        54,
        190,
        97,
        1,
        140,
        72,
        115,
        0
      ],
      [
        0,
        116,
        56,
        41,
        23,
        131,
        74,
        34,
        183,
        181,
        8,
        45,
        179,
        33,
        117,
        137,
        35,
        177,
        162,
        51,
        200,
        195,
        120,
        172,
        59,
        81,
        144,
        83,
        173,
        156,
        22,
        24,
        136,
        127,
        114,
        112,
        80,
        0
      ],
      [
        0,
        4,
        62,
        192,
        36,
        60,
        77,
        143,
        152,
        47,
        61,
        95,
        151,
        40,
        128,
        32,
        78,
        146,
        193,
        178,
        38,
        27,
        68,
        124,
        13,
        196,
        145,
        122,
        69,
        138,
        107,
        159,
        186,
        7,
        187,
        5,
        55,
        96,
        153,
        169,
        148,
        154,
        86,
        46,
        171,
        85,
        87,
        163,
        0
      ],
      [
        0,
        199,
        65,
        139,
        100,
        63,
        135,
        165,
        170,
        90,
        11,
        57,
        133,
        141,
        166,
        17,
        157,
        198,
        89,
        84,
        58,
        174,
        16,
        189,
        113,
        98,
        64,
        93,
        121,
        109,
        110,
        20,
        30,
        25,
        10,
        50,
        126,
        53,
        99,
        0
      ],
      [
        0,
        31,
        48,
        167,
        184,
        71,
        118,
        88,
        19,
        103,
        43,
        15,
        92,
        44,
        132,
        191,
        102,
        75,
        29,
        147,
        9,
        37,
        125,
        49,
        129,
        149,
        160,
        101,
        185,
        42,
        28,
        155,
        175,
        52,
        39,
        0
      ],
      [
        0,
        0
      ],
      [
        0,
        0
      ],
      [
        0,
        0
      ],
      [
        0,
        0
      ],
      [
        0,
        0
      ]
    ],
    "errors": [],
    "missing_customers": [],
    "duplicate_customers": []
  },
  "evaluation": {
    "load_variance": 130307.41,
    "spatial_variance": 268.05999999999995,
    "total_distance": 6723.215247143553,
    "total_time": 10301.896438314241,
    "vehicles_used": 10,
    "objective": 21144.801565195874
  }
}