{
  "instance": "Random_large_200_24",
  "feasible": true,
  "constraints": {
    "total_routes": 6,
    "total_distance": 6659.532449848139,
    "total_time": 10481.515203300434,
    "vehicles_used": 6,
    "route_details": [
      {
        "route": [
          0,
          116,
          56,
          131,
          34,
          74,
          181,
          183,
          67,
          152,
          47,
          179,
          117,
          137,
          35,
          177,
          162,
          94,
          134,
          51,
          15,
          195,
          132,
          120,
          172,
          59,
          81,
          144,
          158,
          149,
          98,
          64,
          5,
          93,
          83,
          173,
          156,
          22,
          24,
          136,
          127,
          112,
          80,
          0
        ],
        "num_customers": 42
      },
      {
        "route": [
          0,
          62,
          41,
          23,
          60,
          168,
          18,
          164,
          8,
          45,
          79,
          26,
          73,
          161,
          91,
          150,
          40,
          128,
          32,
          44,
          200,
          146,
          191,
          193,
          29,
          147,
          9,
          37,
          125,
          49,
          129,
          160,
          101,
          185,
          42,
          114,
          155,
          175,
          52,
          39,
          140,
          72,
          0
        ],
        "num_customers": 41
      },
      {
        "route": [
          0,
          4,
          192,
          36,
          77,
          65,
          143,
          61,
          119,
          197,
          95,
          71,
          48,
          118,
          19,
          63,
          135,
          165,
          170,
          104,
          3,
          66,
          180,
          176,
          142,
          89,
          174,
          70,
          189,
          113,
          106,
          82,
          76,
          111,
          28,
          12,
          2,
          108,
          188,
          182,
          54,
          190,
          97,
          1,
          115,
          0
        ],
        "num_customers": 44
      },
      {
        "route": [
          0,
          139,
          199,
          100,
          33,
          194,
          6,
          151,
          78,
          90,
          11,
          57,
          14,
          133,
          141,
          166,
          105,
          123,
          130,
          157,
          198,
          84,
          17,
          58,
          16,
          121,
          109,
          110,
          20,
          30,
          25,
          10,
          50,
          153,
          169,
          148,
          126,
          53,
          99,
          154,
          86,
          46,
          85,
          87,
          163,
          0
        ],
        "num_customers": 44
      },
      {
        "route": [
          0,
          21,
          167,
          184,
          31,
          88,
          103,
          43,
          92,
          178,
          27,
          68,
          124,
          38,
          75,
          145,
          102,
          13,
          196,
          122,
          69,
          138,
          107,
          159,
          186,
          7,
          187,
          55,
          96,
          171,
          0
        ],
        "num_customers": 29
      },
      {
        "route": [
          0,
          0
        ],
        "num_customers": 0
      }
    ],
    "errors": [],
    "missing_customers": [],
    "duplicate_customers": []
  },
  "evaluation": {
    "load_variance": 69368.91666666667,
    "spatial_variance": 166.3888888888889,
    "total_distance": 6659.532449848139,
    "total_time": 10481.515203300434,
    "vehicles_used": 6,
    "objective": 13790.994544728295
  }
}