{
  "instance": "Random_tight_200_16",
  "feasible": true,
  "constraints": {
    "total_routes": 22,
    "total_distance": 5796.562834932613,
    "total_time": 10369.1464889816,
    "vehicles_used": 22,
    "route_details": [
      [
        0,
        196,
        145,
        35,
        178,
        173,
        19,
        6,
        42,
        192,
        112,
        60,
        0
      ],
      [
        0,
        140,
        26,
        143,
        176,
        1,
        69,
        169,
        148,
        135,
        72,
        56,
        0
      ],
      [
        0,
        57,
        54,
        114,
        174,
        37,
        110,
        39,
        108,
        97,
        45,
        0
      ],
      [
        0,
        46,
        124,
        181,
        131,
        66,
        50,
        126,
        123,
        156,
        31,
        0
      ],
      [
        0,
        132,
        182,
        133,
        27,
        180,
        49,
        195,
        61,
        64,
        28,
        75,
        0
      ],
      [
        0,
        85,
        71,
        151,
        125,
        127,
        77,
        177,
        102,
        98,
        183,
        99,
        152,
        0
      ],
      [
        0,
        155,
        120,
        51,
        48,
        168,
        21,
        165,
        134,
        83,
        90,
        0
      ],
      [
        0,
        106,
        94,
        12,
        47,
        22,
        82,
        58,
        23,
        74,
        52,
        0
      ],
      [
        0,
        4,
        15,
        184,
        153,
        166,
        33,
        167,
        193,
        186,
        144,
        191,
        43,
        65,
        141,
        0
      ],
      [
        0,
        55,
        36,
        137,
        68,
        160,
        130,
        5,
        25,
        116,
        179,
        175,
        0
      ],
      [
        0,
        63,
        44,
        11,
        158,
        185,
        113,
        103,
        79,
        172,
        197,
        18,
        0
      ],
      [
        0,
        161,
        146,
        2,
        34,
        38,
        136,
        118,
        88,
        111,
        105,
        0
      ],
      [
        0,
        157,
        67,
        3,
        86,
        117,
        150,
        159,
        40,
        10,
        100,
        198,
        0
      ],
      [
        0,
        149,
        115,
        187,
        8,
        17,
        76,
        101,
        59,
        154,
        0
      ],
      [
        0,
        30,
        20,
        163,
        104,
        95,
        142,
        200,
        139,
        122,
        53,
        121,
        0
      ],
      [
        0,
        147,
        93,
        199,
        109,
        107,
        80,
        9,
        188,
        164,
        89,
        70,
        0
      ],
      [
        0,
        73,
        92,
        162,
        16,
        171,
        170,
        78,
        119,
        0
      ],
      [
        0,
        87,
        62,
        13,
        194,
        189,
        128,
        84,
        32,
        138,
        29,
        96,
        190,
        129,
        0
      ],
      [
        0,
        24,
        81,
        14,
        41,
        91,
        7,
        0
      ],
      [
        0,
        0
      ],
      [
        0,
        0
      ],
      [
        0,
        0
      ]
    ],
    "errors": [],
    "missing_customers": [],
    "duplicate_customers": []
  },
  "evaluation": {
    "load_variance": 4216.762396694215,
    "spatial_variance": 13.764462809917354,
    "total_distance": 5796.562834932613,
    "total_time": 10369.1464889816,
    "vehicles_used": 22,
    "objective": 6025.454624504813
  }
}