{
  "instance": "Random_large_200_22",
  "feasible": true,
  "constraints": {
    "total_routes": 5,
    "total_distance": 7075.752728161505,
    "total_time": 10387.323088410514,
    "vehicles_used": 5,
    "route_details": [
      [
        0,
        23,
        56,
        34,
        116,
        41,
        67,
        18,
        164,
        183,
        181,
        45,
        168,
        79,
        73,
        4,
        117,
        137,
        62,
        162,
        63,
        94,
        135,
        134,
        170,
        104,
        165,
        3,
        144,
        166,
        17,
        130,
        198,
        157,
        138,
        69,
        159,
        107,
        186,
        7,
        187,
        22,
        99,
        80,
        0
      ],
      [
        0,
        152,
        119,
        65,
        71,
        6,
        21,
        194,
        95,
        26,
        161,
        8,
        35,
        177,
        38,
        27,
        141,
        14,
        102,
        75,
        13,
        124,
        196,
        145,
        122,
        125,
        49,
        129,
        37,
        185,
        101,
        42,
        112,
        155,
        175,
        39,
        52,
        97,
        1,
        140,
        115,
        72,
        0
      ],
      [
        0,
        91,
        150,
        151,
        32,
        193,
        178,
        191,
        146,
        44,
        128,
        40,
        78,
        90,
        68,
        57,
        142,
        11,
        133,
        66,
        180,
        123,
        105,
        176,
        89,
        84,
        174,
        58,
        16,
        113,
        82,
        76,
        2,
        109,
        110,
        108,
        182,
        25,
        169,
        154,
        46,
        86,
        85,
        87,
        163,
        0
      ],
      [
        0,
        36,
        192,
        33,
        100,
        139,
        74,
        179,
        92,
        43,
        19,
        118,
        88,
        103,
        15,
        195,
        31,
        48,
        167,
        184,
        200,
        132,
        51,
        120,
        172,
        59,
        81,
        29,
        147,
        9,
        158,
        70,
        189,
        149,
        160,
        106,
        5,
        173,
        156,
        24,
        127,
        114,
        136,
        10,
        50,
        126,
        53,
        171,
        0
      ],
      [
        0,
        131,
        61,
        197,
        199,
        143,
        60,
        47,
        77,
        96,
        55,
        64,
        93,
        98,
        20,
        30,
        121,
        83,
        12,
        28,
        111,
        188,
        190,
        54,
        153,
        148,
        0
      ]
    ],
    "errors": [],
    "missing_customers": [],
    "duplicate_customers": []
  },
  "evaluation": {
    "load_variance": 26077.04,
    "spatial_variance": 50.08,
    "total_distance": 7075.752728161505,
    "total_time": 10387.323088410514,
    "vehicles_used": 5,
    "objective": 8637.752462984055
  }
}