{
  "instance": "Random_large_200_28",
  "feasible": true,
  "constraints": {
    "total_routes": 7,
    "total_distance": 7480.280687046543,
    "total_time": 13889.465206558354,
    "vehicles_used": 7,
    "route_details": [
      [
        0,
        168,
        8,
        45,
        139,
        77,
        61,
        33,
        192,
        62,
        116,
        65,
        35,
        117,
        103,
        88,
        19,
        15,
        118,
        92,
        51,
        132,
        120,
        172,
        81,
        29,
        59,
        9,
        37,
        147,
        125,
        129,
        49,
        182,
        188,
        108,
        190,
        46,
        53,
        163,
        0
      ],
      [
        0,
        164,
        183,
        181,
        26,
        143,
        71,
        119,
        60,
        197,
        67,
        78,
        91,
        135,
        63,
        165,
        104,
        170,
        90,
        180,
        16,
        89,
        113,
        174,
        70,
        156,
        187,
        7,
        173,
        24,
        96,
        0
      ],
      [
        0,
        100,
        151,
        152,
        31,
        48,
        128,
        184,
        134,
        177,
        94,
        162,
        150,
        193,
        44,
        68,
        196,
        27,
        38,
        122,
        75,
        69,
        13,
        55,
        138,
        101,
        160,
        42,
        127,
        136,
        50,
        114,
        22,
        154,
        99,
        0
      ],
      [
        0,
        47,
        199,
        41,
        179,
        36,
        74,
        73,
        79,
        167,
        194,
        95,
        6,
        32,
        40,
        43,
        200,
        146,
        178,
        191,
        102,
        145,
        185,
        155,
        175,
        97,
        87,
        0
      ],
      [
        0,
        23,
        18,
        21,
        137,
        195,
        144,
        3,
        158,
        111,
        106,
        149,
        20,
        83,
        98,
        64,
        189,
        2,
        82,
        12,
        109,
        110,
        54,
        30,
        153,
        148,
        52,
        140,
        1,
        115,
        72,
        39,
        0
      ],
      [
        0,
        34,
        4,
        56,
        131,
        14,
        11,
        66,
        142,
        123,
        133,
        141,
        157,
        57,
        105,
        166,
        84,
        58,
        17,
        107,
        186,
        159,
        112,
        80,
        0
      ],
      [
        0,
        161,
        124,
        176,
        130,
        93,
        198,
        5,
        76,
        28,
        121,
        25,
        10,
        169,
        86,
        85,
        126,
        171,
        0
      ]
    ],
    "errors": [],
    "missing_customers": [],
    "duplicate_customers": []
  },
  "evaluation": {
    "load_variance": 11938.69387755102,
    "spatial_variance": 36.08163265306122,
    "total_distance": 7480.280687046543,
    "total_time": 13889.465206558354,
    "vehicles_used": 7,
    "objective": 8306.912789975426
  }
}