{
  "instance": "Random_large_200_25",
  "feasible": true,
  "constraints": {
    "total_routes": 7,
    "total_distance": 6007.855044467953,
    "total_time": 11994.444610961256,
    "vehicles_used": 7,
    "route_details": [
      {
        "route": [
          0,
          168,
          45,
          136,
          193,
          197,
          119,
          61,
          47,
          179,
          100,
          137,
          177,
          133,
          142,
          66,
          141,
          124,
          123,
          130,
          17,
          198,
          84,
          58,
          16,
          98,
          5,
          93,
          173,
          22,
          24,
          112,
          155,
          175,
          39,
          0
        ],
        "num_customers": 34
      },
      {
        "route": [
          0,
          41,
          131,
          62,
          74,
          34,
          4,
          104,
          190,
          36,
          192,
          132,
          59,
          117,
          162,
          35,
          94,
          149,
          134,
          63,
          3,
          170,
          176,
          14,
          89,
          174,
          70,
          158,
          144,
          111,
          82,
          2,
          106,
          108,
          76,
          182,
          54,
          110,
          113,
          25,
          180,
          153,
          30,
          189,
          46,
          83,
          85,
          126,
          64,
          11,
          50,
          157,
          166,
          79,
          163,
          0
        ],
        "num_customers": 54
      },
      {
        "route": [
          0,
          199,
          65,
          139,
          161,
          150,
          40,
          32,
          44,
          200,
          195,
          120,
          172,
          81,
          147,
          140,
          29,
          9,
          37,
          49,
          160,
          101,
          185,
          42,
          28,
          121,
          188,
          52,
          97,
          1,
          51,
          129,
          72,
          56,
          0
        ],
        "num_customers": 33
      },
      {
        "route": [
          0,
          18,
          67,
          75,
          186,
          60,
          38,
          128,
          71,
          184,
          95,
          151,
          90,
          78,
          146,
          191,
          178,
          68,
          114,
          102,
          196,
          145,
          122,
          69,
          138,
          107,
          55,
          96,
          80,
          0
        ],
        "num_customers": 28
      },
      {
        "route": [
          0,
          115,
          92,
          125,
          143,
          116,
          23,
          152,
          77,
          194,
          6,
          167,
          48,
          31,
          118,
          103,
          43,
          19,
          88,
          15,
          13,
          159,
          187,
          7,
          156,
          127,
          27,
          105,
          73,
          10,
          148,
          0
        ],
        "num_customers": 30
      },
      {
        "route": [
          0,
          171,
          154,
          57,
          26,
          8,
          164,
          33,
          21,
          91,
          135,
          165,
          87,
          12,
          109,
          20,
          169,
          53,
          86,
          181,
          183,
          99,
          0
        ],
        "num_customers": 21
      },
      {
        "route": [
          0,
          0
        ],
        "num_customers": 0
      }
    ],
    "errors": [],
    "missing_customers": [],
    "duplicate_customers": []
  },
  "evaluation": {
    "load_variance": 52810.69387755102,
    "spatial_variance": 220.77551020408166,
    "total_distance": 6007.855044467953,
    "total_time": 11994.444610961256,
    "vehicles_used": 7,
    "objective": 12194.964681075877
  }
}