{
  "instance": "Random_large_200_23",
  "feasible": true,
  "constraints": {
    "total_routes": 7,
    "total_distance": 5955.5356753297365,
    "total_time": 9871.628776241201,
    "vehicles_used": 7,
    "route_details": [
      [
        0,
        56,
        116,
        41,
        62,
        74,
        131,
        192,
        119,
        152,
        137,
        97,
        35,
        177,
        149,
        94,
        134,
        162,
        9,
        42,
        69,
        107,
        38,
        145,
        200,
        125,
        160,
        101,
        193,
        146,
        127,
        32,
        197,
        71,
        175,
        81,
        43,
        128,
        191,
        143,
        112,
        120,
        122,
        19,
        49,
        65,
        72,
        77,
        138,
        102,
        60,
        18,
        0
      ],
      [
        0,
        63,
        36,
        190,
        179,
        33,
        104,
        12,
        110,
        54,
        172,
        118,
        194,
        184,
        88,
        44,
        124,
        130,
        176,
        17,
        16,
        7,
        98,
        106,
        82,
        76,
        182,
        100,
        2,
        52,
        39,
        1,
        15,
        195,
        155,
        132,
        59,
        29,
        31,
        147,
        139,
        51,
        140,
        37,
        103,
        129,
        0
      ],
      [
        0,
        164,
        171,
        53,
        96,
        115,
        47,
        199,
        87,
        89,
        153,
        4,
        3,
        165,
        57,
        5,
        58,
        180,
        126,
        79,
        85,
        14,
        166,
        90,
        91,
        157,
        26,
        142,
        64,
        28,
        117,
        108,
        188,
        158,
        73,
        187,
        156,
        121,
        46,
        93,
        20,
        109,
        148,
        86,
        11,
        123,
        189,
        105,
        84,
        24,
        50,
        161,
        135,
        30,
        170,
        83,
        163,
        0
      ],
      [
        0,
        0
      ],
      [
        0,
        0
      ],
      [
        0,
        75,
        48,
        185,
        167,
        178,
        8,
        61,
        40,
        13,
        68,
        6,
        159,
        27,
        21,
        114,
        95,
        150,
        66,
        10,
        198,
        141,
        136,
        22,
        173,
        133,
        181,
        99,
        196,
        92,
        186,
        45,
        151,
        154,
        78,
        55,
        183,
        67,
        168,
        174,
        25,
        113,
        169,
        34,
        70,
        144,
        111,
        23,
        80,
        0
      ],
      [
        0,
        0
      ]
    ],
    "errors": [],
    "missing_customers": [],
    "duplicate_customers": []
  },
  "evaluation": {
    "load_variance": 194611.55102040814,
    "spatial_variance": 447.2244897959184,
    "total_distance": 5955.5356753297365,
    "total_time": 9871.628776241201,
    "vehicles_used": 7,
    "objective": 28473.118072149504
  }
}