{
  "destroy_weights": {
    "random": 0.3682447001795042,
    "worst": 0.3691974009417115,
    "related": 0.3683068603584402,
    "route": 0.6690642548037157
  },
  "repair_weights": {
    "greedy": 0.4063769639585326,
    "regret_2": 0.3813174105927841,
    "regret_3": 0.5267054921111435
  },
  "destroy_scores": {
    "random": -0.9990076156519796,
    "worst": -0.9964238160810588,
    "related": -0.9988388286113599,
    "route": -0.4018751774216165
  },
  "repair_scores": {
    "greedy": -0.9004740674973186,
    "regret_2": -0.9641231520207894,
    "regret_3": -0.641113725147987
  },
  "learning_rate": 0.2,
  "min_weight": 0.05,
  "max_weight": 50.0
}