{
  "destroy_weights": {
    "random": 0.4548270441177196,
    "worst": 0.368459077806528,
    "related": 0.3685812562881654,
    "route": 2.105928321777458
  },
  "repair_weights": {
    "greedy": 1.8990847269819975,
    "regret_2": 0.46448250732385354,
    "regret_3": 0.5169977879085033
  },
  "destroy_scores": {
    "random": -0.7878380551143773,
    "worst": -0.9984256242478882,
    "related": -0.9980940861295391,
    "route": 0.7447563778891995
  },
  "repair_scores": {
    "greedy": 0.6413720474657136,
    "regret_2": -0.7668313805894589,
    "regret_3": -0.6597166831898185
  },
  "learning_rate": 0.2,
  "min_weight": 0.05,
  "max_weight": 50.0
}