{
  "instance": "Mixed_large_200_40",
  "feasible": true,
  "constraints": {
    "total_routes": 5,
    "total_distance": 4204.584330231453,
    "total_time": 8157.798229572078,
    "vehicles_used": 5,
    "route_details": [
      {
        "route": [
          0,
          102,
          15,
          80,
          152,
          156,
          48,
          37,
          133,
          169,
          59,
          38,
          188,
          41,
          107,
          158,
          177,
          50,
          157,
          56,
          45,
          165,
          86,
          33,
          12,
          139,
          21,
          9,
          29,
          143,
          173,
          114,
          117,
          23,
          53,
          101,
          192,
          99,
          94,
          151,
          160,
          74,
          65,
          189,
          125,
          52,
          31,
          32,
          106,
          70,
          55,
          81,
          129,
          0
        ],
        "num_customers": 52
      },
      {
        "route": [
          0,
          142,
          4,
          92,
          161,
          126,
          167,
          63,
          35,
          132,
          170,
          187,
          19,
          77,
          5,
          159,
          104,
          193,
          62,
          20,
          186,
          46,
          141,
          10,
          185,
          197,
          135,
          42,
          172,
          138,
          26,
          79,
          96,
          76,
          30,
          75,
          123,
          71,
          88,
          1,
          69,
          34,
          120,
          149,
          175,
          174,
          140,
          67,
          0
        ],
        "num_customers": 47
      },
      {
        "route": [
          0,
          28,
          78,
          14,
          47,
          39,
          200,
          110,
          90,
          103,
          7,
          24,
          43,
          98,
          61,
          198,
          72,
          116,
          148,
          111,
          40,
          16,
          119,
          195,
          194,
          57,
          147,
          22,
          44,
          95,
          83,
          145,
          91,
          51,
          27,
          190,
          68,
          18,
          179,
          183,
          196,
          180,
          153,
          178,
          184,
          36,
          124,
          131,
          3,
          136,
          182,
          89,
          66,
          54,
          0
        ],
        "num_customers": 53
      },
      {
        "route": [
          0,
          154,
          82,
          166,
          100,
          64,
          191,
          13,
          84,
          199,
          155,
          85,
          168,
          128,
          108,
          105,
          176,
          112,
          109,
          144,
          137,
          118,
          11,
          113,
          17,
          87,
          121,
          115,
          127,
          134,
          97,
          58,
          60,
          8,
          181,
          164,
          25,
          146,
          93,
          73,
          122,
          162,
          2,
          49,
          6,
          130,
          171,
          163,
          150,
          0
        ],
        "num_customers": 48
      },
      {
        "route": [
          0,
          0
        ],
        "num_customers": 0
      }
    ],
    "errors": [],
    "missing_customers": [],
    "duplicate_customers": []
  },
  "evaluation": {
    "load_variance": 130200.64000000001,
    "spatial_variance": 335.11999999999995,
    "total_distance": 4204.584330231453,
    "total_time": 8157.798229572078,
    "vehicles_used": 5,
    "objective": 19657.261862908093
  }
}