{
  "instance": "Mixed_large_200_37",
  "feasible": true,
  "constraints": {
    "total_routes": 6,
    "total_distance": 6295.645983479394,
    "total_time": 10152.773999758612,
    "vehicles_used": 6,
    "route_details": [
      {
        "route": [
          0,
          152,
          124,
          131,
          48,
          182,
          24,
          162,
          47,
          63,
          14,
          54,
          100,
          37,
          195,
          57,
          9,
          12,
          133,
          40,
          147,
          31,
          108,
          173,
          89,
          69,
          176,
          113,
          138,
          122,
          186,
          134,
          106,
          41,
          70,
          157,
          30,
          67,
          0
        ],
        "num_customers": 37
      },
      {
        "route": [
          0,
          45,
          165,
          85,
          155,
          199,
          88,
          84,
          59,
          42,
          197,
          149,
          15,
          7,
          68,
          167,
          18,
          180,
          61,
          184,
          72,
          51,
          27,
          111,
          198,
          129,
          110,
          44,
          95,
          90,
          79,
          73,
          135,
          96,
          0
        ],
        "num_customers": 33
      },
      {
        "route": [
          0,
          140,
          142,
          43,
          179,
          156,
          16,
          196,
          102,
          161,
          136,
          183,
          26,
          25,
          10,
          181,
          104,
          77,
          20,
          46,
          164,
          170,
          105,
          187,
          139,
          194,
          158,
          154,
          145,
          91,
          80,
          116,
          126,
          178,
          93,
          193,
          19,
          141,
          185,
          120,
          39,
          146,
          83,
          148,
          36,
          0
        ],
        "num_customers": 44
      },
      {
        "route": [
          0,
          118,
          143,
          128,
          177,
          53,
          99,
          168,
          56,
          103,
          35,
          132,
          3,
          119,
          38,
          32,
          23,
          117,
          114,
          52,
          166,
          74,
          22,
          101,
          192,
          50,
          55,
          107,
          81,
          82,
          0
        ],
        "num_customers": 29
      },
      {
        "route": [
          0,
          6,
          163,
          49,
          92,
          4,
          190,
          98,
          169,
          78,
          159,
          127,
          153,
          28,
          200,
          5,
          172,
          62,
          65,
          58,
          87,
          33,
          66,
          60,
          1,
          174,
          17,
          97,
          64,
          0
        ],
        "num_customers": 28
      },
      {
        "route": [
          0,
          191,
          21,
          29,
          188,
          94,
          160,
          86,
          125,
          189,
          109,
          112,
          151,
          171,
          130,
          150,
          144,
          71,
          137,
          121,
          123,
          115,
          13,
          11,
          8,
          34,
          76,
          2,
          75,
          175,
          0
        ],
        "num_customers": 29
      }
    ],
    "errors": [],
    "missing_customers": [],
    "duplicate_customers": []
  },
  "evaluation": {
    "load_variance": 11491.0,
    "spatial_variance": 39.722222222222214,
    "total_distance": 6295.645983479394,
    "total_time": 10152.773999758612,
    "vehicles_used": 6,
    "objective": 6629.480173563141
  }
}