{
  "instance": "Random_large_200_26",
  "feasible": true,
  "constraints": {
    "total_routes": 5,
    "total_distance": 5939.941632924121,
    "total_time": 9188.959738548914,
    "vehicles_used": 5,
    "route_details": [
      {
        "route": [
          0,
          92,
          116,
          131,
          192,
          36,
          62,
          34,
          74,
          152,
          47,
          61,
          118,
          27,
          6,
          167,
          184,
          19,
          103,
          172,
          29,
          9,
          182,
          94,
          33,
          149,
          158,
          37,
          160,
          101,
          13,
          68,
          136,
          114,
          157,
          166,
          79,
          126,
          180,
          5,
          57,
          73,
          153,
          174,
          154,
          163,
          171,
          164,
          144,
          111,
          0
        ],
        "num_customers": 49
      },
      {
        "route": [
          0,
          80,
          18,
          23,
          168,
          67,
          96,
          115,
          56,
          199,
          139,
          65,
          100,
          162,
          117,
          137,
          35,
          177,
          135,
          134,
          170,
          93,
          106,
          82,
          76,
          28,
          121,
          109,
          110,
          20,
          10,
          169,
          148,
          53,
          86,
          46,
          85,
          11,
          123,
          189,
          105,
          50,
          161,
          64,
          142,
          30,
          14,
          83,
          70,
          0
        ],
        "num_customers": 48
      },
      {
        "route": [
          0,
          8,
          41,
          143,
          119,
          26,
          95,
          91,
          194,
          151,
          44,
          193,
          127,
          159,
          40,
          128,
          200,
          146,
          191,
          69,
          186,
          75,
          138,
          7,
          187,
          55,
          24,
          112,
          197,
          71,
          48,
          178,
          185,
          42,
          122,
          107,
          38,
          145,
          102,
          60,
          196,
          45,
          181,
          183,
          99,
          0
        ],
        "num_customers": 44
      },
      {
        "route": [
          0,
          77,
          72,
          125,
          49,
          43,
          129,
          140,
          147,
          31,
          132,
          195,
          15,
          88,
          32,
          21,
          150,
          78,
          90,
          133,
          66,
          141,
          124,
          130,
          176,
          17,
          198,
          12,
          89,
          84,
          58,
          16,
          98,
          173,
          156,
          22,
          2,
          108,
          188,
          54,
          52,
          39,
          97,
          1,
          155,
          59,
          51,
          175,
          81,
          120,
          104,
          179,
          190,
          63,
          165,
          3,
          4,
          87,
          25,
          113,
          0
        ],
        "num_customers": 59
      },
      {
        "route": [
          0,
          0
        ],
        "num_customers": 0
      }
    ],
    "errors": [],
    "missing_customers": [],
    "duplicate_customers": []
  },
  "evaluation": {
    "load_variance": 130373.43999999999,
    "spatial_variance": 284.24,
    "total_distance": 5939.941632924121,
    "total_time": 9188.959738548914,
    "vehicles_used": 5,
    "objective": 20468.673316723147
  }
}