{
  "instance": "Random_large_200_28",
  "feasible": true,
  "constraints": {
    "total_routes": 7,
    "total_distance": 7305.215183064868,
    "total_time": 12429.16942615745,
    "vehicles_used": 7,
    "route_details": [
      {
        "route": [
          0,
          47,
          199,
          74,
          36,
          192,
          33,
          62,
          116,
          61,
          139,
          77,
          65,
          41,
          35,
          117,
          103,
          88,
          19,
          15,
          118,
          43,
          132,
          195,
          144,
          174,
          49,
          70,
          83,
          98,
          64,
          173,
          93,
          2,
          109,
          110,
          20,
          190,
          52,
          72,
          0
        ],
        "num_customers": 39
      },
      {
        "route": [
          0,
          91,
          183,
          181,
          26,
          143,
          71,
          119,
          60,
          197,
          67,
          48,
          31,
          152,
          32,
          200,
          184,
          128,
          193,
          178,
          191,
          9,
          37,
          158,
          16,
          89,
          5,
          113,
          106,
          149,
          111,
          0
        ],
        "num_customers": 30
      },
      {
        "route": [
          0,
          23,
          18,
          167,
          78,
          151,
          150,
          90,
          44,
          146,
          68,
          13,
          196,
          27,
          102,
          145,
          38,
          122,
          75,
          69,
          147,
          185,
          101,
          160,
          42,
          82,
          12,
          25,
          114,
          136,
          50,
          22,
          99,
          86,
          53,
          0
        ],
        "num_customers": 34
      },
      {
        "route": [
          0,
          168,
          8,
          45,
          164,
          73,
          79,
          161,
          21,
          6,
          40,
          194,
          95,
          81,
          51,
          120,
          59,
          172,
          29,
          124,
          176,
          198,
          130,
          121,
          28,
          76,
          182,
          108,
          188,
          175,
          97,
          87,
          153,
          10,
          46,
          85,
          126,
          163,
          0
        ],
        "num_customers": 37
      },
      {
        "route": [
          0,
          162,
          137,
          63,
          135,
          134,
          94,
          92,
          170,
          165,
          104,
          14,
          189,
          3,
          180,
          84,
          17,
          186,
          125,
          129,
          55,
          138,
          156,
          187,
          7,
          24,
          96,
          127,
          155,
          140,
          39,
          1,
          115,
          0
        ],
        "num_customers": 32
      },
      {
        "route": [
          0,
          34,
          4,
          56,
          131,
          177,
          100,
          179,
          11,
          66,
          142,
          123,
          133,
          141,
          157,
          57,
          105,
          166,
          58,
          107,
          159,
          112,
          80,
          54,
          30,
          154,
          169,
          171,
          148,
          0
        ],
        "num_customers": 28
      },
      {
        "route": [
          0,
          0
        ],
        "num_customers": 0
      }
    ],
    "errors": [],
    "missing_customers": [],
    "duplicate_customers": []
  },
  "evaluation": {
    "load_variance": 43210.40816326531,
    "spatial_variance": 100.08163265306123,
    "total_distance": 7305.215183064868,
    "total_time": 12429.16942615745,
    "vehicles_used": 7,
    "objective": 11509.768605125406
  }
}