{
  "instance": "Random_large_200_27",
  "feasible": true,
  "constraints": {
    "total_routes": 5,
    "total_distance": 5874.936809981734,
    "total_time": 8940.55213965835,
    "vehicles_used": 5,
    "route_details": [
      {
        "route": [
          0,
          151,
          8,
          62,
          192,
          74,
          131,
          152,
          61,
          119,
          118,
          194,
          21,
          88,
          139,
          103,
          140,
          172,
          175,
          129,
          81,
          147,
          120,
          19,
          49,
          116,
          56,
          199,
          125,
          107,
          122,
          42,
          9,
          158,
          106,
          82,
          2,
          109,
          20,
          148,
          52,
          39,
          188,
          108,
          135,
          28,
          100,
          94,
          128,
          191,
          143,
          112,
          0
        ],
        "num_customers": 51
      },
      {
        "route": [
          0,
          45,
          24,
          114,
          197,
          68,
          31,
          29,
          59,
          132,
          155,
          195,
          15,
          184,
          44,
          69,
          124,
          17,
          136,
          13,
          32,
          193,
          127,
          146,
          159,
          27,
          40,
          7,
          187,
          173,
          156,
          22,
          86,
          50,
          161,
          64,
          142,
          30,
          26,
          157,
          91,
          170,
          90,
          166,
          83,
          110,
          0
        ],
        "num_customers": 45
      },
      {
        "route": [
          0,
          80,
          18,
          164,
          171,
          168,
          99,
          163,
          53,
          96,
          183,
          55,
          115,
          181,
          78,
          196,
          102,
          145,
          200,
          38,
          126,
          79,
          58,
          133,
          57,
          5,
          180,
          89,
          174,
          169,
          154,
          85,
          12,
          104,
          33,
          179,
          190,
          36,
          73,
          63,
          165,
          3,
          4,
          87,
          25,
          113,
          34,
          144,
          111,
          0
        ],
        "num_customers": 48
      },
      {
        "route": [
          0,
          41,
          70,
          153,
          14,
          105,
          10,
          198,
          93,
          46,
          189,
          54,
          182,
          35,
          177,
          97,
          137,
          162,
          117,
          150,
          138,
          6,
          95,
          66,
          141,
          123,
          84,
          11,
          130,
          176,
          160,
          101,
          16,
          98,
          121,
          76,
          134,
          149,
          1,
          51,
          37,
          43,
          47,
          72,
          77,
          92,
          23,
          65,
          60,
          186,
          75,
          67,
          71,
          48,
          178,
          167,
          185,
          0
        ],
        "num_customers": 56
      },
      {
        "route": [
          0,
          0
        ],
        "num_customers": 0
      }
    ],
    "errors": [],
    "missing_customers": [],
    "duplicate_customers": []
  },
  "evaluation": {
    "load_variance": 129599.43999999999,
    "spatial_variance": 297.0399999999999,
    "total_distance": 5874.936809981734,
    "total_time": 8940.55213965835,
    "vehicles_used": 5,
    "objective": 20273.623451375854
  }
}